1096984865.275344,2919569041975147250,000108000604000100070daff45418a6ac0100000000000018a6ad9f
1096984865.373938,2919569041975147250,000108000604000100070daff45418a6ac0100000000000018a6ac8d
1096984865.385961,2919569041975147250,000108000604000100070daff45418a6ac0100000000000018a6ada1
1096984865.487135,2919569041975147250,000108000604000100070daff454411c4e01000000000000411c4e4c
1096984865.492088,2919569041975147250,000108000604000100070daff45418a6ac0100000000000018a6ada3
1096984865.583253,2919569041975147250,000108000604000100070daff45418a6ac0100000000000018a6af7b
1096984865.605777,2919569041975147250,000108000604000100070daff45418a6ac0100000000000018a6ada5
1096984865.6839,2919569041975147250,000108000604000100070daff45418a6ac0100000000000018a6af52
1096984865.730448,2919569041975147250,000108000604000100070daff454454cd801000000000000454cdc83
1096984865.76201,2919569041975147250,000108000604000100070daff45418a6ac0100000000000018a6ada8
1096984865.780038,2919569041975147250,000108000604000100070daff454454cd801000000000000454cdd1b
1096984865.786028,2919569041975147250,000108000604000100070daff45418a6ac0100000000000018a6aeb8
1096984865.816077,2919569041975147250,000108000604000100070daff45418a6ac0100000000000018a6ada9
1096984865.862652,2919569041975147250,000108000604000100070daff45418a6ac0100000000000018a6aeb5
1096984865.938281,2919569041975147250,000108000604000100070daff454454cd801000000000000454cdfd8
1096984865.965794,2919569041975147250,000108000604000100070daff45418a6ac0100000000000018a6adac
1096984865.968278,2919569041975147250,000108000604000100070daff454454cd801000000000000454cdfd9
1096984866.046944,2919569041975147250,000108000604000100070daff454454cd801000000000000454cd9ba
1096984866.067449,2919569041975147250,000108000604000100070daff45418a6ac0100000000000018a6aedd
1096984866.076977,2919569041975147250,000108000604000100070daff454454cd801000000000000454cda5e
1096984866.081955,2919569041975147250,000108000604000100070daff45418a6ac0100000000000018a6aecf
1096984866.132053,2919569041975147250,000108000604000100070daff454454cd801000000000000454cdfde
1096984866.159592,2919569041975147250,000108000604000100070daff454454cd801000000000000454cdfdf
1096984866.1721,2919569041975147250,000108000604000100070daff45418a6ac0100000000000018a6adb0
1096984866.20667,2919569041975147250,000108000604000100070daff454454cd801000000000000454cdc56
1096984866.207638,2919569041975147250,000108000604000100070daff454454cd801000000000000454cdfe0
1096984866.338893,2919569041975147250,000108000604000100070daff454411c4e01000000000000411c4e72
1096984866.340837,2919569041975147250,000108000604000100070daff454411a5c01000000000000411a5cc3
1096984866.379456,2919569041975147250,000108000604000100070daff454454cd801000000000000454cdfe6
1096984866.380896,2919569041975147250,000108000604000100070daff45418a6ac0100000000000018a6ac06
1096984866.406451,2919569041975147250,000108000604000100070daff454454cd801000000000000454cd81c
1096984866.408935,2919569041975147250,000108000604000100070daff45418a6ac0100000000000018a6aeb1
1096984866.409023,2919569041975147250,000108000604000100070daff454454cd801000000000000454cdfe7
1096984866.427483,2919569041975147250,000108000604000100070daff45418a6ac0100000000000018a6adb5
1096984866.457525,2919569041975147250,000108000604000100070daff45418a6ac0100000000000018a6ace8
1096984866.459517,2919569041975147250,000108000604000100070daff454454cd801000000000000454cdfe8
1096984866.482111,2919569041975147250,000108000604000100070daff45418a6ac0100000000000018a6aed0
1096984866.499584,2919569041975147250,000108000604000100070daff454454cd801000000000000454cdfea
1096984866.529619,2919569041975147250,000108000604000100070daff454454cd801000000000000454cdfeb
1096984866.539141,2919569041975147250,000108000604000100070daff45418a6ac0100000000000018a6adb7
1096984866.56768,2919569041975147250,000108000604000100070daff454454cd801000000000000454cdfec
1096984866.576711,2919569041975147250,000108000604000100070daff454411a5c01000000000000411a5e49
1096984866.581687,2919569041975147250,000108000604000100070daff45418a6ac0100000000000018a6aec0
1096984866.61477,2919569041975147250,000108000604000100070daff45418a6ac0100000000000018a6ac61
1096984866.650302,2919569041975147250,000108000604000100070daff45418a6ac0100000000000018a6adb9
1096984866.704431,2919569041975147250,000108000604000100070daff45418a6ac0100000000000018a6adba
1096984866.812065,2919569041975147250,000108000604000100070daff45418a6ac0100000000000018a6adbc
1096984866.842607,2919569041975147250,000108000604000100070daff454411c4e01000000000000411c4e86
1096984866.866641,2919569041975147250,000108000604000100070daff45418a6ac0100000000000018a6adbd
1096984867.018382,2919569041975147250,000108000604000100070daff454454cd801000000000000454cdff9
1096984867.049899,2919569041975147250,000108000604000100070daff454411a5c01000000000000411a5f63
1096984867.106999,2919569041975147250,000108000604000100070daff454454cd801000000000000454cdaff
1096984867.108965,2919569041975147250,000108000604000100070daff454454cd801000000000000454cdffb
1096984867.118496,2919569041975147250,000108000604000100070daff45418a6ac0100000000000018a6afe3
1096984867.129015,2919569041975147250,000108000604000100070daff454454cd801000000000000454cdffc
1096984867.144047,2919569041975147250,000108000604000100070daff45418a6ac0100000000000018a6adc2
1096984867.280285,2919569041975147250,000108000604000100070daff454454cd801000000000000454cda3f
1096984867.28323,2919569041975147250,000108000604000100070daff45418a6ac0100000000000018a6ac23
1096984867.283753,2919569041975147250,000108000604000100070daff45418a6ac0100000000000018a6aec5
1096984867.303285,2919569041975147250,000108000604000100070daff4541891a4810000000000001891a4a5
1096984867.306272,2919569041975147250,000108000604000100070daff45418a6ac0100000000000018a6adc5
1096984867.317308,2919569041975147250,000108000604000100070daff454454cd801000000000000454cdd74
1096984867.355358,2919569041975147250,000108000604000100070daff454411c4e01000000000000411c4ea2
1096984867.365368,2919569041975147250,000108000604000100070daff45418a6ac0100000000000018a6adc6
1096984867.389439,2919569041975147250,000108000604000100070daff45418a6ac0100000000000018a6ae04
1096984867.389883,2919569041975147250,000108000604000100070daff4544334de010000000000004334de6b
1096984867.416944,2919569041975147250,000108000604000100070daff45418a6ac0100000000000018a6adc7
1096984867.42746,2919569041975147250,000108000604000100070daff45418a6ac0100000000000018a6ac2f
1096984867.485565,2919569041975147250,000108000604000100070daff454454cd801000000000000454cdc0a
1096984867.487535,2919569041975147250,000108000604000100070daff454454cd801000000000000454cde9d
1096984867.551135,2919569041975147250,000108000604000100070daff45418a6ac0100000000000018a6ae1a
1096984867.590707,2919569041975147250,000108000604000100070daff45418a6ac0100000000000018a6ad60
1096984867.683862,2919569041975147250,000108000604000100070daff45418a6ac0100000000000018a6ae2d
1096984867.757945,2919569041975147250,000108000604000100070daff4544551110100000000000045511162
1096984867.760424,2919569041975147250,000108000604000100070daff45418a6ac0100000000000018a6aea7
1096984867.778485,2919569041975147250,000108000604000100070daff45418a6ac0100000000000018a6adce
1096984867.782959,2919569041975147250,000108000604000100070daff45445511101000000000000455111cc
1096984867.784479,2919569041975147250,000108000604000100070daff45418a6ac0100000000000018a6aec3
1096984867.828557,2919569041975147250,000108000604000100070daff45418a6ac0100000000000018a6adcf
1096984867.882146,2919569041975147250,000108000604000100070daff454411a5c01000000000000411a5e7c
1096984867.9297,2919569041975147250,000108000604000100070daff45418a6ac0100000000000018a6add1
1096984867.959743,2919569041975147250,000108000604000100070daff454454cd801000000000000454cdfd5
1096984868.036383,2919569041975147250,000108000604000100070daff454454cd801000000000000454cd94b
1096984868.037837,2919569041975147250,000108000604000100070daff45418a6ac0100000000000018a6aeee
1096984868.038833,2919569041975147250,000108000604000100070daff45418a6ac0100000000000018a6add3
1096984868.051375,2919569041975147250,000108000604000100070daff45418a6ac0100000000000018a6af75
1096984868.067403,2919569041975147250,000108000604000100070daff45418a6ac0100000000000018a6acfc
1096984868.084473,2919569041975147250,000108000604000100070daff45418a6ac0100000000000018a6aca9
1096984868.22969,2919569041975147250,000108000604000100070daff4544551110100000000000045511115
1096984868.304297,2919569041975147250,000108000604000100070daff45418a6ac0100000000000018a6add8
1096984868.318274,2919569041975147250,000108000604000100070daff4544334de010000000000004334de12
1096984868.353828,2919569041975147250,000108000604000100070daff45418a6ac0100000000000018a6add9
1096984868.596209,2919569041975147250,000108000604000100070daff45418a6ac0100000000000018a6af7b
1096984868.627713,2919569041975147250,000108000604000100070daff45418a6ac0100000000000018a6adde
1096984868.821529,2919569041975147250,000108000604000100070daff45418a6ac0100000000000018a6aeed
1096984868.832015,2919569041975147250,000108000604000100070daff454454cd801000000000000454cdfd8
1096984868.838533,2919569041975147250,000108000604000100070daff454454cd801000000000000454cdfd9
1096984868.849548,2919569041975147250,000108000604000100070daff45418a6ac0100000000000018a6ade2
1096984868.850028,2919569041975147250,000108000604000100070daff45418a6ac0100000000000018a6aeb5
1096984868.955727,2919569041975147250,000108000604000100070daff45418a6ac0100000000000018a6ade4
1096984868.961696,2919569041975147250,000108000604000100070daff454454cd801000000000000454cda5e
1096984869.045864,2919569041975147250,000108000604000100070daff454454cd801000000000000454cd9ba
1096984869.049329,2919569041975147250,000108000604000100070daff454454cd801000000000000454cdfde
1096984869.056354,2919569041975147250,000108000604000100070daff454454cd801000000000000454cdfdf
1096984869.060844,2919569041975147250,000108000604000100070daff45418a6ac0100000000000018a6aedd
1096984869.080404,2919569041975147250,000108000604000100070daff454454cd801000000000000454cdd1b
1096984869.102426,2919569041975147250,000108000604000100070daff454411c4e01000000000000411c4ebf
1096984869.125467,2919569041975147250,000108000604000100070daff45418a6ac0100000000000018a6ade7
1096984869.15851,2919569041975147250,000108000604000100070daff454454cd801000000000000454cdfe0
1096984869.166519,2919569041975147250,000108000604000100070daff454454cd801000000000000454cd803
1096984869.180055,2919569041975147250,000108000604000100070daff45418a6ac0100000000000018a6ade8
1096984869.269206,2919569041975147250,000108000604000100070daff454454cd801000000000000454cdfe6
1096984869.274699,2919569041975147250,000108000604000100070daff454454cd801000000000000454cdfe7
1096984869.289202,2919569041975147250,000108000604000100070daff45418a6ac0100000000000018a6adea
1096984869.310739,2919569041975147250,000108000604000100070daff454411a5c01000000000000411a5c60
1096984869.316236,2919569041975147250,000108000604000100070daff454411c4e01000000000000411c4e72
1096984869.340288,2919569041975147250,000108000604000100070daff45418a6ac0100000000000018a6adeb
1096984869.379364,2919569041975147250,000108000604000100070daff454454cd801000000000000454cdfe8
1096984869.383826,2919569041975147250,000108000604000100070daff454411a5c01000000000000411a5f68
1096984869.385369,2919569041975147250,000108000604000100070daff454454cd801000000000000454cdfea
1096984869.404414,2919569041975147250,000108000604000100070daff45418a6ac0100000000000018a6ace8
1096984869.425911,2919569041975147250,000108000604000100070daff454411a5c01000000000000411a5e21
1096984869.428387,2919569041975147250,000108000604000100070daff454411c4e01000000000000411c4e48
1096984869.430389,2919569041975147250,000108000604000100070daff454454cd801000000000000454cdc28
1096984869.502022,2919569041975147250,000108000604000100070daff45418a6ac0100000000000018a6af52
1096984869.579144,2919569041975147250,000108000604000100070daff45418a6ac0100000000000018a6ac61
1096984869.589136,2919569041975147250,000108000604000100070daff45418a6ac0100000000000018a6ae04
1096984869.599172,2919569041975147250,000108000604000100070daff454454cd801000000000000454cdfeb
1096984869.599243,2919569041975147250,000108000604000100070daff454454cd801000000000000454cdfec
1096984869.725861,2919569041975147250,000108000604000100070daff45418a6ac0100000000000018a6adf2
1096984869.748377,2919569041975147250,000108000604000100070daff454454cd801000000000000454cdc8b
1096984869.7594,2919569041975147250,000108000604000100070daff45418a6ac0100000000000018a6aea7
1096984869.7674,2919569041975147250,000108000604000100070daff45418a6ac0100000000000018a6ac0a
1096984869.891106,2919569041975147250,000108000604000100070daff45418a6ac0100000000000018a6adf5
1096984869.966711,2919569041975147250,000108000604000100070daff45418a6ac0100000000000018a6ad0d
1096984870.032825,2919569041975147250,000108000604000100070daff454454cd801000000000000454cdff9
1096984870.032865,2919569041975147250,000108000604000100070daff454454cd801000000000000454cdffb
1096984870.03297,2919569041975147250,000108000604000100070daff454454cd801000000000000454cdffc
1096984870.109939,2919569041975147250,000108000604000100070daff45418a6ac0100000000000018a6ada8
1096984870.123935,2919569041975147250,000108000604000100070daff4544551110100000000000045511111
1096984870.211595,2919569041975147250,000108000604000100070daff454454cd801000000000000454cde9d
1096984870.268178,2919569041975147250,000108000604000100070daff45418a6ac0100000000000018a6ae1b
1096984870.288192,2919569041975147250,000108000604000100070daff45418a6ac0100000000000018a6aec5
1096984870.289662,2919569041975147250,000108000604000100070daff45418a6ac0100000000000018a6af40
1096984870.296183,2919569041975147250,000108000604000100070daff45418a6ac0100000000000018a6aebc
1096984870.430409,2919569041975147250,000108000604000100070daff45418a6ac0100000000000018a6adff
1096984870.449419,2919569041975147250,000108000604000100070daff454454cd801000000000000454cddc4
1096984870.57061,2919569041975147250,000108000604000100070daff4544334de010000000000004334de08
1096984870.591624,2919569041975147250,000108000604000100070daff45418a6ac0100000000000018a6acb9
1096984870.591699,2919569041975147250,000108000604000100070daff45418a6ac0100000000000018a6aebd
1096984870.637194,2919569041975147250,000108000604000100070daff454454cd801000000000000454cdec5
1096984870.650207,2919569041975147250,000108000604000100070daff45418a6ac0100000000000018a6ae2d
1096984870.696785,2919569041975147250,000108000604000100070daff4544551110100000000000045511162
1096984870.707783,2919569041975147250,000108000604000100070daff454411c4e01000000000000411c4e1f
1096984870.715798,2919569041975147250,000108000604000100070daff45418a6ac0100000000000018a6afde
1096984870.71587,2919569041975147250,000108000604000100070daff45418a6ac0100000000000018a6ad53
1096984870.747354,2919569041975147250,000108000604000100070daff454411a4701000000000000411a471c
1096984870.798943,2919569041975147250,000108000604000100070daff45418a6ac0100000000000018a6af1b
1096984870.880567,2919569041975147250,000108000604000100070daff454411c4e01000000000000411c4e81
1096984870.92913,2919569041975147250,000108000604000100070daff45418a6ac0100000000000018a6acdc
1096984871.195037,2919569041975147250,000108000604000100070daff454454cd801000000000000454cde72
1096984871.279683,2919569041975147250,000108000604000100070daff454454cd801000000000000454cda44
1096984871.307206,2919569041975147250,000108000604000100070daff454454cd801000000000000454cd916
1096984871.345739,2919569041975147250,000108000604000100070daff45418a6ac0100000000000018a6aed3
1096984871.392312,2919569041975147250,000108000604000100070daff45418a6ac0100000000000018a6aca9
1096984871.474522,2919569041975147250,000108000604000100070daff45418a6ac0100000000000018a6ac8a
1096984871.527513,2919569041975147250,000108000604000100070daff454411a5c01000000000000411a5cc3
1096984871.565061,2919569041975147250,000108000604000100070daff454411a5c01000000000000411a5c0e
1096984871.710283,2919569041975147250,000108000604000100070daff45418a6ac0100000000000018a6af52
1096984871.71375,2919569041975147250,000108000604000100070daff454454cd801000000000000454cd89e
1096984871.790399,2919569041975147250,000108000604000100070daff45418a6ac0100000000000018a6aeb8
1096984871.820422,2919569041975147250,000108000604000100070daff45418a6ac0100000000000018a6ae19
1096984871.820907,2919569041975147250,000108000604000100070daff45418a6ac0100000000000018a6aeed
1096984871.859489,2919569041975147250,000108000604000100070daff454454cd801000000000000454cdcfb
1096984871.935619,2919569041975147250,000108000604000100070daff454454cd801000000000000454cd984
1096984872.016237,2919569041975147250,000108000604000100070daff45418a6ac0100000000000018a6aed5
1096984872.032735,2919569041975147250,000108000604000100070daff45418a6ac0100000000000018a6ad08
1096984872.091844,2919569041975147250,000108000604000100070daff45418a6ac0100000000000018a6aecf
1096984872.166951,2919569041975147250,000108000604000100070daff45418a6ac0100000000000018a6af87
1096984872.220039,2919569041975147250,000108000604000100070daff454454cd801000000000000454cdbd5
1096984872.2571,2919569041975147250,000108000604000100070daff454454cd801000000000000454cde9d
1096984872.37228,2919569041975147250,000108000604000100070daff454454cd801000000000000454cdc28
1096984872.384778,2919569041975147250,000108000604000100070daff454411c4e01000000000000411c4e48
1096984872.391255,2919569041975147250,000108000604000100070daff454411a5c01000000000000411a5f68
1096984872.411796,2919569041975147250,000108000604000100070daff454411a5c01000000000000411a5e21
1096984872.440843,2919569041975147250,000108000604000100070daff454454cd801000000000000454cdb98
1096984872.490444,2919569041975147250,000108000604000100070daff45418a6ac0100000000000018a6aed0
1096984872.58408,2919569041975147250,000108000604000100070daff45418a6ac0100000000000018a6afd5
1096984872.598089,2919569041975147250,000108000604000100070daff45418a6ac0100000000000018a6aec0
1096984872.620095,2919569041975147250,000108000604000100070daff454454cd801000000000000454cd819
1096984872.634121,2919569041975147250,000108000604000100070daff454454cd801000000000000454cd841
1096984872.700733,2919569041975147250,000108000604000100070daff454454cd801000000000000454cded2
1096984872.753815,2919569041975147250,000108000604000100070daff45418a6ac0100000000000018a6ac0a
1096984872.76832,2919569041975147250,000108000604000100070daff454411a4701000000000000411a4706
1096984872.786859,2919569041975147250,000108000604000100070daff454411a5c01000000000000411a5fcf
1096984872.929084,2919569041975147250,000108000604000100070daff45418a6ac0100000000000018a6ad0d
1096984872.929545,2919569041975147250,000108000604000100070daff4544551110100000000000045511184
1096984872.945586,2919569041975147250,000108000604000100070daff454454cd801000000000000454cd9e4
1096984873.020722,2919569041975147250,000108000604000100070daff454454cd801000000000000454cdc8b
1096984873.072776,2919569041975147250,000108000604000100070daff4541891a4810000000000001891a4ae
1096984873.076299,2919569041975147250,000108000604000100070daff45418a6ac0100000000000018a6adc7
1096984873.113337,2919569041975147250,000108000604000100070daff4544551110100000000000045511111
1096984873.192969,2919569041975147250,000108000604000100070daff45418a6ac0100000000000018a6ae1b
1096984873.240556,2919569041975147250,000108000604000100070daff45418a6ac0100000000000018a6af40
1096984873.29264,2919569041975147250,000108000604000100070daff45418a6ac0100000000000018a6aebc
1096984873.298106,2919569041975147250,000108000604000100070daff454454cd801000000000000454cdf6a
1096984873.361719,2919569041975147250,000108000604000100070daff45418a6ac0100000000000018a6ac4d
1096984873.370213,2919569041975147250,000108000604000100070daff454454cd801000000000000454cde1d
1096984873.370695,2919569041975147250,000108000604000100070daff45418a6ac0100000000000018a6ae47
1096984873.375752,2919569041975147250,000108000604000100070daff454454cd801000000000000454cdd74
1096984873.458858,2919569041975147250,000108000604000100070daff45418a6ac0100000000000018a6ae27
1096984873.522445,2919569041975147250,000108000604000100070daff454454cd801000000000000454cdc0a
1096984873.53195,2919569041975147250,000108000604000100070daff454411a4701000000000000411a471c
1096984873.540958,2919569041975147250,000108000604000100070daff45418a6ac0100000000000018a6ad53
1096984873.54294,2919569041975147250,000108000604000100070daff454411c4e01000000000000411c4e08
1096984873.55649,2919569041975147250,000108000604000100070daff45418a6ac0100000000000018a6acb9
1096984873.556962,2919569041975147250,000108000604000100070daff4544517b6010000000000004517b6fd
1096984873.559467,2919569041975147250,000108000604000100070daff454454cd801000000000000454cdc0f
1096984873.573507,2919569041975147250,000108000604000100070daff454411c4e01000000000000411c4e13
1096984873.592048,2919569041975147250,000108000604000100070daff45418a6ac0100000000000018a6aebd
1096984873.674168,2919569041975147250,000108000604000100070daff454454cd801000000000000454cddc4
1096984873.750787,2919569041975147250,000108000604000100070daff45418a6ac0100000000000018a6ace2
1096984873.761283,2919569041975147250,000108000604000100070daff45418a6ac0100000000000018a6aea7
1096984873.814425,2919569041975147250,000108000604000100070daff45418a6ac0100000000000018a6afde
1096984873.915037,2919569041975147250,000108000604000100070daff454411c4e01000000000000411c4e81
1096984873.935049,2919569041975147250,000108000604000100070daff45418a6ac0100000000000018a6acdc
1096984873.981139,2919569041975147250,000108000604000100070daff454411c4e01000000000000411c4ef3
1096984874.051229,2919569041975147250,000108000604000100070daff454454cd801000000000000454cd94b
1096984874.190445,2919569041975147250,000108000604000100070daff45418a6ac0100000000000018a6af97
1096984874.22749,2919569041975147250,000108000604000100070daff454454cd801000000000000454cdbda
1096984874.232969,2919569041975147250,000108000604000100070daff454454cd801000000000000454cd916
1096984874.235991,2919569041975147250,000108000604000100070daff454411a5c01000000000000411a5c60
1096984874.271411,2919569041975147250,000108000604000100070daff454411a5c01000000000000411a5cc3
1096984874.356195,2919569041975147250,000108000604000100070daff45418a6ac0100000000000018a6aed3
1096984874.357655,2919569041975147250,000108000604000100070daff45418a6ac0100000000000018a6ac06
1096984874.379717,2919569041975147250,000108000604000100070daff454454cd801000000000000454cda44
1096984874.393725,2919569041975147250,000108000604000100070daff454411a5c01000000000000411a5d11
1096984874.397743,2919569041975147250,000108000604000100070daff45418a6ac0100000000000018a6ac8a
1096984874.517921,2919569041975147250,000108000604000100070daff454454cd801000000000000454cde9d
1096984874.785324,2919569041975147250,000108000604000100070daff454454cd801000000000000454cdcfb
1096984874.785401,2919569041975147250,000108000604000100070daff45418a6ac0100000000000018a6ae19
1096984874.879972,2919569041975147250,000108000604000100070daff454454cd801000000000000454cd984
1096984874.911484,2919569041975147250,000108000604000100070daff454454cd801000000000000454cddf8
1096984874.937026,2919569041975147250,000108000604000100070daff45418a6ac0100000000000018a6aed5
1096984874.961552,2919569041975147250,000108000604000100070daff4544551110100000000000045511131
1096984875.03069,2919569041975147250,000108000604000100070daff45418a6ac0100000000000018a6ad08
1096984875.045175,2919569041975147250,000108000604000100070daff45418a6ac0100000000000018a6afe4
1096984875.0582,2919569041975147250,000108000604000100070daff45418a6ac0100000000000018a6af87
1096984875.181909,2919569041975147250,000108000604000100070daff454454cd801000000000000454cdec5
1096984875.18198,2919569041975147250,000108000604000100070daff454454cd801000000000000454cdbd5
1096984875.194904,2919569041975147250,000108000604000100070daff45418a6ac0100000000000018a6aec2
1096984875.265538,2919569041975147250,000108000604000100070daff454455111010000000000004551116f
1096984875.282568,2919569041975147250,000108000604000100070daff454454cd801000000000000454cd819
1096984875.387714,2919569041975147250,000108000604000100070daff454454cd801000000000000454cdb98
1096984875.439769,2919569041975147250,000108000604000100070daff454411a5c01000000000000411a5cb8
1096984875.44325,2919569041975147250,000108000604000100070daff454454cd801000000000000454cd856
1096984875.47885,2919569041975147250,000108000604000100070daff45418a6ac0100000000000018a6af70
1096984875.539925,2919569041975147250,000108000604000100070daff454454cd801000000000000454cd841
1096984875.61804,2919569041975147250,000108000604000100070daff45418a6ac0100000000000018a6ac61
1096984875.644554,2919569041975147250,000108000604000100070daff45418a6ac0100000000000018a6afd5
1096984875.693642,2919569041975147250,000108000604000100070daff454411a5c01000000000000411a5e49
1096984875.70915,2919569041975147250,000108000604000100070daff454454cd801000000000000454cda7a
1096984875.712636,2919569041975147250,000108000604000100070daff45418a6ac0100000000000018a6ac75
1096984875.781286,2919569041975147250,000108000604000100070daff45418a6ac0100000000000018a6afec
1096984875.881433,2919569041975147250,000108000604000100070daff454411c4e01000000000000411c4e40
1096984875.882892,2919569041975147250,000108000604000100070daff45418a6ac0100000000000018a6ae9a
1096984875.896933,2919569041975147250,000108000604000100070daff454454cd801000000000000454cd9e4
1096984875.900418,2919569041975147250,000108000604000100070daff454454cd801000000000000454cdff9
1096984875.902919,2919569041975147250,000108000604000100070daff45418a6ac0100000000000018a6aec9
1096984875.995606,2919569041975147250,000108000604000100070daff45418a6ac0100000000000018a6af52
1096984876.040648,2919569041975147250,000108000604000100070daff45418a6ac0100000000000018a6adc7
1096984876.278041,2919569041975147250,000108000604000100070daff454454cd801000000000000454cdf6a
1096984876.284541,2919569041975147250,000108000604000100070daff45418a6ac0100000000000018a6ac4d
1096984876.287999,2919569041975147250,000108000604000100070daff45418a6ac0100000000000018a6ae47
1096984876.297037,2919569041975147250,000108000604000100070daff45418a6ac0100000000000018a6aec5
1096984876.326579,2919569041975147250,000108000604000100070daff454454cd801000000000000454cdc0f
1096984876.419229,2919569041975147250,000108000604000100070daff454454cd801000000000000454cde1d
1096984876.448759,2919569041975147250,000108000604000100070daff454411c4e01000000000000411c4e08
1096984876.494845,2919569041975147250,000108000604000100070daff454455111010000000000004551114a
1096984876.508331,2919569041975147250,000108000604000100070daff45418a6ac0100000000000018a6aebf
1096984876.51183,2919569041975147250,000108000604000100070daff4544517b6010000000000004517b6fd
1096984876.516343,2919569041975147250,000108000604000100070daff45418a6ac0100000000000018a6afc1
1096984876.54189,2919569041975147250,000108000604000100070daff454411c4e01000000000000411c4e13
1096984876.597989,2919569041975147250,000108000604000100070daff454454cd801000000000000454cd90a
1096984876.75171,2919569041975147250,000108000604000100070daff45418a6ac0100000000000018a6ace2
1096984876.760706,2919569041975147250,000108000604000100070daff454454cd801000000000000454cd95d
1096984876.789263,2919569041975147250,000108000604000100070daff45418a6ac0100000000000018a6ae27
1096984876.880907,2919569041975147250,000108000604000100070daff454454cd801000000000000454cdb31
1096984876.914949,2919569041975147250,000108000604000100070daff45418a6ac0100000000000018a6ad4b
1096984877.018114,2919569041975147250,000108000604000100070daff45418a6ac0100000000000018a6ac06
1096984877.151804,2919569041975147250,000108000604000100070daff45418a6ac0100000000000018a6af97
1096984877.213406,2919569041975147250,000108000604000100070daff454454cd801000000000000454cda16
1096984877.216882,2919569041975147250,000108000604000100070daff454454cd801000000000000454cdc66
1096984877.274003,2919569041975147250,000108000604000100070daff45418a6ac0100000000000018a6aee9
1096984877.289009,2919569041975147250,000108000604000100070daff45418a6ac0100000000000018a6aebd
1096984877.298507,2919569041975147250,000108000604000100070daff454455111010000000000004551111c
1096984877.36461,2919569041975147250,000108000604000100070daff454454cd801000000000000454cde9d
1096984877.400672,2919569041975147250,000108000604000100070daff45418a6ac0100000000000018a6adeb
1096984877.46876,2919569041975147250,000108000604000100070daff45418a6ac0100000000000018a6af85
1096984877.514844,2919569041975147250,000108000604000100070daff454411c4e01000000000000411c4e4e
1096984877.552887,2919569041975147250,000108000604000100070daff454454cd801000000000000454cdf05
1096984877.584932,2919569041975147250,000108000604000100070daff454454cd801000000000000454cde5a
1096984877.603959,2919569041975147250,000108000604000100070daff45418a6ac0100000000000018a6af3b
1096984877.694599,2919569041975147250,000108000604000100070daff454411a5c01000000000000411a5c60
1096984877.697075,2919569041975147250,000108000604000100070daff454411a5c01000000000000411a5cb8
1096984877.808764,2919569041975147250,000108000604000100070daff454454cd801000000000000454cdf41
1096984877.808837,2919569041975147250,000108000604000100070daff454454cd801000000000000454cdffc
1096984877.848313,2919569041975147250,000108000604000100070daff454454cd801000000000000454cdbda
1096984877.858823,2919569041975147250,000108000604000100070daff45418a6ac0100000000000018a6aff9
1096984877.916933,2919569041975147250,000108000604000100070daff45418a6ac0100000000000018a6afa9
1096984877.940949,2919569041975147250,000108000604000100070daff4544551110100000000000045511131
1096984878.058145,2919569041975147250,000108000604000100070daff45418a6ac0100000000000018a6afe4
1096984878.067631,2919569041975147250,000108000604000100070daff454411c4e01000000000000411c4e26
1096984878.143262,2919569041975147250,000108000604000100070daff45418a6ac0100000000000018a6acc4
1096984878.199837,2919569041975147250,000108000604000100070daff45418a6ac0100000000000018a6aec2
1096984878.244918,2919569041975147250,000108000604000100070daff454455111010000000000004551116f
1096984878.265944,2919569041975147250,000108000604000100070daff45418a6ac0100000000000018a6aeb5
1096984878.307521,2919569041975147250,000108000604000100070daff454454cd801000000000000454cddf8
1096984878.395643,2919569041975147250,000108000604000100070daff454454cd801000000000000454cd819
1096984878.397102,2919569041975147250,000108000604000100070daff45418a6ac0100000000000018a6af70
1096984878.400104,2919569041975147250,000108000604000100070daff454411c4e01000000000000411c4e48
1096984878.404111,2919569041975147250,000108000604000100070daff454454cd801000000000000454cd856
1096984878.562876,2919569041975147250,000108000604000100070daff45418a6ac0100000000000018a6ac75
1096984878.655012,2919569041975147250,000108000604000100070daff454454cd801000000000000454cda7a
1096984878.750151,2919569041975147250,000108000604000100070daff45418a6ac0100000000000018a6af52
1096984878.758642,2919569041975147250,000108000604000100070daff45418a6ac0100000000000018a6afec
1096984878.818746,2919569041975147250,000108000604000100070daff45418a6ac0100000000000018a6ad87
1096984878.871831,2919569041975147250,000108000604000100070daff454411c4e01000000000000411c4ed5
1096984878.880334,2919569041975147250,000108000604000100070daff454454cd801000000000000454cdff9
1096984878.883809,2919569041975147250,000108000604000100070daff45418a6ac0100000000000018a6ae9a
1096984878.903363,2919569041975147250,000108000604000100070daff45418a6ac0100000000000018a6aec9
1096984878.917878,2919569041975147250,000108000604000100070daff454454cd801000000000000454cd90a
1096984878.919365,2919569041975147250,000108000604000100070daff454454cd801000000000000454cddab
1096984879.047603,2919569041975147250,000108000604000100070daff4544551110100000000000045511111
1096984879.081151,2919569041975147250,000108000604000100070daff4544551110100000000000045511183
1096984879.19883,2919569041975147250,000108000604000100070daff45418a6ac0100000000000018a6ae69
1096984879.231363,2919569041975147250,000108000604000100070daff45418a6ac0100000000000018a6ace8
1096984879.255411,2919569041975147250,000108000604000100070daff454411a4701000000000000411a4713
1096984879.261395,2919569041975147250,000108000604000100070daff45418a6ac0100000000000018a6ac19
1096984879.301996,2919569041975147250,000108000604000100070daff45418a6ac0100000000000018a6aebc
1096984879.378607,2919569041975147250,000108000604000100070daff454455111010000000000004551114a
1096984879.457697,2919569041975147250,000108000604000100070daff45418a6ac0100000000000018a6afde
1096984879.472717,2919569041975147250,000108000604000100070daff45418a6ac0100000000000018a6afc1
1096984879.50378,2919569041975147250,000108000604000100070daff45418a6ac0100000000000018a6aebf
1096984879.51726,2919569041975147250,000108000604000100070daff45418a6ac0100000000000018a6af19
1096984879.528795,2919569041975147250,000108000604000100070daff45418a6ac0100000000000018a6ae2d
1096984879.589394,2919569041975147250,000108000604000100070daff45418a6ac0100000000000018a6acb9
1096984879.601404,2919569041975147250,000108000604000100070daff45418a6ac0100000000000018a6aebd
1096984879.802209,2919569041975147250,000108000604000100070daff45418a6ac0100000000000018a6aec3
1096984879.809695,2919569041975147250,000108000604000100070daff454454cd801000000000000454cdb31
1096984879.813682,2919569041975147250,000108000604000100070daff454454cd801000000000000454cd95d
1096984879.830233,2919569041975147250,000108000604000100070daff45418a6ac0100000000000018a6aec0
1096984879.851264,2919569041975147250,000108000604000100070daff45418a6ac0100000000000018a6ad4b
1096984879.887331,2919569041975147250,000108000604000100070daff454454cd801000000000000454cdc17
1096984879.943915,2919569041975147250,000108000604000100070daff454454cd801000000000000454cdaa4
1096984879.964429,2919569041975147250,000108000604000100070daff45418a6ac0100000000000018a6af85
1096984879.99199,2919569041975147250,000108000604000100070daff454454cd801000000000000454cde9d
1096984879.994976,2919569041975147250,000108000604000100070daff45418a6ac0100000000000018a6aee9
1096984880.141231,2919569041975147250,000108000604000100070daff45418a6ac0100000000000018a6ac06
1096984880.213334,2919569041975147250,000108000604000100070daff454454cd801000000000000454cda16
1096984880.213376,2919569041975147250,000108000604000100070daff454454cd801000000000000454cdc66
1096984880.257884,2919569041975147250,000108000604000100070daff454411a5c01000000000000411a5cc3
1096984880.283941,2919569041975147250,000108000604000100070daff45418a6ac0100000000000018a6adeb
1096984880.323972,2919569041975147250,000108000604000100070daff454411a5c01000000000000411a5d1a
1096984880.38709,2919569041975147250,000108000604000100070daff454454cd801000000000000454cd9ec
1096984880.391057,2919569041975147250,000108000604000100070daff45418a6ac0100000000000018a6aed3
1096984880.422619,2919569041975147250,000108000604000100070daff454454cd801000000000000454cdf05
1096984880.474212,2919569041975147250,000108000604000100070daff454411a5c01000000000000411a5d89
1096984880.536802,2919569041975147250,000108000604000100070daff45418a6ac0100000000000018a6af91
1096984880.562808,2919569041975147250,000108000604000100070daff454411c4e01000000000000411c4ec9
1096984880.599882,2919569041975147250,000108000604000100070daff454454cd801000000000000454cde5a
1096984880.793173,2919569041975147250,000108000604000100070daff454454cd801000000000000454cdffc
1096984880.807165,2919569041975147250,000108000604000100070daff454454cd801000000000000454cdf41
1096984880.827198,2919569041975147250,000108000604000100070daff45418a6ac0100000000000018a6afa9
1096984880.859754,2919569041975147250,000108000604000100070daff45418a6ac0100000000000018a6af3b
1096984880.866249,2919569041975147250,000108000604000100070daff45418a6ac0100000000000018a6aff9
1096984881.064084,2919569041975147250,000108000604000100070daff45418a6ac0100000000000018a6af87
1096984881.124156,2919569041975147250,000108000604000100070daff45418a6ac0100000000000018a6acc4
1096984881.128138,2919569041975147250,000108000604000100070daff45418a6ac0100000000000018a6ad86
1096984881.185749,2919569041975147250,000108000604000100070daff45418a6ac0100000000000018a6aeb5
1096984881.264876,2919569041975147250,000108000604000100070daff45418a6ac0100000000000018a6adac
1096984881.418115,2919569041975147250,000108000604000100070daff45418a6ac0100000000000018a6ac36
1096984881.424074,2919569041975147250,000108000604000100070daff454411a5c01000000000000411a5c60
1096984881.590356,2919569041975147250,000108000604000100070daff454454cd801000000000000454cd9e1
1096984881.632401,2919569041975147250,000108000604000100070daff454454cd801000000000000454cd819
1096984881.773106,2919569041975147250,000108000604000100070daff45418a6ac0100000000000018a6aea7
1096984881.810153,2919569041975147250,000108000604000100070daff45418a6ac0100000000000018a6acad
1096984881.838203,2919569041975147250,000108000604000100070daff45418a6ac0100000000000018a6ad87
1096984881.980924,2919569041975147250,000108000604000100070daff45418a6ac0100000000000018a6ae69
1096984881.999431,2919569041975147250,000108000604000100070daff454454cd801000000000000454cddc7
1096984882.007932,2919569041975147250,000108000604000100070daff45418a6ac0100000000000018a6af52
1096984882.023964,2919569041975147250,000108000604000100070daff45418a6ac0100000000000018a6ada5
1096984882.09809,2919569041975147250,000108000604000100070daff4544551110100000000000045511183
1096984882.162171,2919569041975147250,000108000604000100070daff45418a6ac0100000000000018a6ace8
1096984882.224291,2919569041975147250,000108000604000100070daff454411a4701000000000000411a4713
1096984882.262335,2919569041975147250,000108000604000100070daff454454cd801000000000000454cdbe1
1096984882.26238,2919569041975147250,000108000604000100070daff45418a6ac0100000000000018a6ac19
1096984882.313927,2919569041975147250,000108000604000100070daff454454cd801000000000000454cdf6a
1096984882.433595,2919569041975147250,000108000604000100070daff45418a6ac0100000000000018a6ad24
1096984882.499193,2919569041975147250,000108000604000100070daff45418a6ac0100000000000018a6af19
1096984882.503648,2919569041975147250,000108000604000100070daff45418a6ac0100000000000018a6ae2d
1096984882.622871,2919569041975147250,000108000604000100070daff45418a6ac0100000000000018a6ac38
1096984882.807631,2919569041975147250,000108000604000100070daff45418a6ac0100000000000018a6aec3
1096984882.813103,2919569041975147250,000108000604000100070daff454454cd801000000000000454cdb18
1096984882.813597,2919569041975147250,000108000604000100070daff45418a6ac0100000000000018a6aec0
1096984882.817624,2919569041975147250,000108000604000100070daff454454cd801000000000000454cdc17
1096984882.865704,2919569041975147250,000108000604000100070daff454454cd801000000000000454cde9d
1096984882.919297,2919569041975147250,000108000604000100070daff454454cd801000000000000454cdaa4
1096984883.073034,2919569041975147250,000108000604000100070daff4544334de010000000000004334de12
1096984883.162158,2919569041975147250,000108000604000100070daff45418a6ac0100000000000018a6aebf
1096984883.278347,2919569041975147250,000108000604000100070daff454411a5c01000000000000411a5d1a
1096984883.320883,2919569041975147250,000108000604000100070daff45418a6ac0100000000000018a6aefb
1096984883.348921,2919569041975147250,000108000604000100070daff454411a5c01000000000000411a5db0
1096984883.351903,2919569041975147250,000108000604000100070daff454454cd801000000000000454cd9ec
1096984883.378975,2919569041975147250,000108000604000100070daff45418a6ac0100000000000018a6ae5c
1096984883.439552,2919569041975147250,000108000604000100070daff45418a6ac0100000000000018a6af06
1096984883.517687,2919569041975147250,000108000604000100070daff454411c4e01000000000000411c4ec9
1096984883.605804,2919569041975147250,000108000604000100070daff454454cd801000000000000454cd8d7
1096984883.639841,2919569041975147250,000108000604000100070daff454411a5c01000000000000411a5cc3
1096984883.716962,2919569041975147250,000108000604000100070daff454411a5c01000000000000411a5c60
1096984883.748496,2919569041975147250,000108000604000100070daff454454cd801000000000000454cdbda
1096984883.752484,2919569041975147250,000108000604000100070daff454411a5c01000000000000411a5e49
1096984883.788071,2919569041975147250,000108000604000100070daff454411a5c01000000000000411a5cb8
1096984883.862172,2919569041975147250,000108000604000100070daff454454cd801000000000000454cd8e1
1096984883.87168,2919569041975147250,000108000604000100070daff454411a5c01000000000000411a5d88
1096984883.91376,2919569041975147250,000108000604000100070daff454411c4e01000000000000411c4e4b
1096984884.018924,2919569041975147250,000108000604000100070daff45418a6ac0100000000000018a6acad
1096984884.15712,2919569041975147250,000108000604000100070daff45418a6ac0100000000000018a6ad86
1096984884.208687,2919569041975147250,000108000604000100070daff45418a6ac0100000000000018a6aec2
1096984884.250778,2919569041975147250,000108000604000100070daff45418a6ac0100000000000018a6ae2c
1096984884.311363,2919569041975147250,000108000604000100070daff454454cd801000000000000454cdc6e
1096984884.422015,2919569041975147250,000108000604000100070daff454454cd801000000000000454cd9e1
1096984884.422977,2919569041975147250,000108000604000100070daff454454cd801000000000000454cd819
1096984884.423066,2919569041975147250,000108000604000100070daff454454cd801000000000000454cd856
1096984884.490128,2919569041975147250,000108000604000100070daff45418a6ac0100000000000018a6ac36
1096984884.506612,2919569041975147250,000108000604000100070daff45418a6ac0100000000000018a6adac
1096984884.683895,2919569041975147250,000108000604000100070daff454454cd801000000000000454cda7a
1096984884.761998,2919569041975147250,000108000604000100070daff45418a6ac0100000000000018a6aea7
1096984884.82359,2919569041975147250,000108000604000100070daff45418a6ac0100000000000018a6affa
1096984884.883187,2919569041975147250,000108000604000100070daff454411c4e01000000000000411c4e74
1096984884.883649,2919569041975147250,000108000604000100070daff45418a6ac0100000000000018a6ae8d
1096984884.921223,2919569041975147250,000108000604000100070daff45418a6ac0100000000000018a6aec9
1096984884.931233,2919569041975147250,000108000604000100070daff454455111010000000000004551114f
1096984884.939253,2919569041975147250,000108000604000100070daff45418a6ac0100000000000018a6ad09
1096984884.994858,2919569041975147250,000108000604000100070daff45418a6ac0100000000000018a6adc5
1096984885.007853,2919569041975147250,000108000604000100070daff45418a6ac0100000000000018a6ada5
1096984885.107529,2919569041975147250,000108000604000100070daff454454cd801000000000000454cdfc3
1096984885.11902,2919569041975147250,000108000604000100070daff45418a6ac0100000000000018a6aecf
1096984885.194145,2919569041975147250,000108000604000100070daff454454cd801000000000000454cde9d
1096984885.212675,2919569041975147250,000108000604000100070daff454454cd801000000000000454cddc7
1096984885.232686,2919569041975147250,000108000604000100070daff454454cd801000000000000454cdbe1
1096984885.363923,2919569041975147250,000108000604000100070daff45418a6ac0100000000000018a6ad24
1096984885.403958,2919569041975147250,000108000604000100070daff45418a6ac0100000000000018a6aeb5
1096984885.466046,2919569041975147250,000108000604000100070daff454454cd801000000000000454cdbb1
1096984885.511615,2919569041975147250,000108000604000100070daff45418a6ac0100000000000018a6aebf
1096984885.516089,2919569041975147250,000108000604000100070daff45418a6ac0100000000000018a6aed0
1096984885.53463,2919569041975147250,000108000604000100070daff45418a6ac0100000000000018a6af52
1096984885.574702,2919569041975147250,000108000604000100070daff45418a6ac0100000000000018a6ac38
1096984885.61275,2919569041975147250,000108000604000100070daff454411a5c01000000000000411a5c43
1096984885.612828,2919569041975147250,000108000604000100070daff45418a6ac0100000000000018a6aed3
1096984885.61624,2919569041975147250,000108000604000100070daff45418a6ac0100000000000018a6aec0
1096984885.627758,2919569041975147250,000108000604000100070daff454454cd801000000000000454cd80c
1096984885.661308,2919569041975147250,000108000604000100070daff45418a6ac0100000000000018a6acea
1096984885.690868,2919569041975147250,000108000604000100070daff454411a5c01000000000000411a5d11
1096984885.734954,2919569041975147250,000108000604000100070daff454454cd801000000000000454cdb18
1096984885.843603,2919569041975147250,000108000604000100070daff454454cd801000000000000454cdeb1
1096984885.861112,2919569041975147250,000108000604000100070daff454411a5c01000000000000411a5c60
1096984885.863588,2919569041975147250,000108000604000100070daff454454cd801000000000000454cdb71
1096984885.925715,2919569041975147250,000108000604000100070daff45418a6ac0100000000000018a6aec5
1096984886.02688,2919569041975147250,000108000604000100070daff45418a6ac0100000000000018a6ae5c
1096984886.043388,2919569041975147250,000108000604000100070daff4544334de010000000000004334de12
1096984886.064423,2919569041975147250,000108000604000100070daff454454cd801000000000000454cdaa0
1096984886.182105,2919569041975147250,000108000604000100070daff454454cd801000000000000454cddcf
1096984886.263726,2919569041975147250,000108000604000100070daff45418a6ac0100000000000018a6aefb
1096984886.55366,2919569041975147250,000108000604000100070daff454454cd801000000000000454cd8d7
1096984886.633754,2919569041975147250,000108000604000100070daff454411a5c01000000000000411a5db0
1096984886.762951,2919569041975147250,000108000604000100070daff45418a6ac0100000000000018a6aea7
1096984886.815016,2919569041975147250,000108000604000100070daff454454cd801000000000000454cd8e1
1096984886.823501,2919569041975147250,000108000604000100070daff454411a5c01000000000000411a5d88
1096984886.856575,2919569041975147250,000108000604000100070daff45418a6ac0100000000000018a6aef4
1096984886.923201,2919569041975147250,000108000604000100070daff4541891a4810000000000001891a49e
1096984887.080437,2919569041975147250,000108000604000100070daff4544334de010000000000004334de52
1096984887.204103,2919569041975147250,000108000604000100070daff454411a5c01000000000000411a5f2e
1096984887.205586,2919569041975147250,000108000604000100070daff45418a6ac0100000000000018a6ae2c
1096984887.2522,2919569041975147250,000108000604000100070daff454454cd801000000000000454cdc6e
1096984887.386401,2919569041975147250,000108000604000100070daff454454cd801000000000000454cdc41
1096984887.430923,2919569041975147250,000108000604000100070daff454411a4701000000000000411a470e
1096984887.495042,2919569041975147250,000108000604000100070daff454454cd801000000000000454cdfbb
1096984887.72443,2919569041975147250,000108000604000100070daff45418a6ac0100000000000018a6ac49
1096984887.834538,2919569041975147250,000108000604000100070daff45418a6ac0100000000000018a6ae8d
1096984887.894613,2919569041975147250,000108000604000100070daff454411c4e01000000000000411c4e74
1096984887.921131,2919569041975147250,000108000604000100070daff45418a6ac0100000000000018a6ad09
1096984887.957207,2919569041975147250,000108000604000100070daff45418a6ac0100000000000018a6ae69
1096984887.993763,2919569041975147250,000108000604000100070daff454455111010000000000004551114f
1096984888.060352,2919569041975147250,000108000604000100070daff454454cd801000000000000454cdfc3
1096984888.115941,2919569041975147250,000108000604000100070daff45418a6ac0100000000000018a6aecf
1096984888.175037,2919569041975147250,000108000604000100070daff45418a6ac0100000000000018a6adc5
1096984888.191539,2919569041975147250,000108000604000100070daff454454cd801000000000000454cdaf3
1096984888.216599,2919569041975147250,000108000604000100070daff45418a6ac0100000000000018a6aea5
1096984888.235603,2919569041975147250,000108000604000100070daff45418a6ac0100000000000018a6af52
1096984888.315263,2919569041975147250,000108000604000100070daff45418a6ac0100000000000018a6aec5
1096984888.338269,2919569041975147250,000108000604000100070daff454454cd801000000000000454cdbb1
1096984888.435924,2919569041975147250,000108000604000100070daff45418a6ac0100000000000018a6ae2d
1096984888.505525,2919569041975147250,000108000604000100070daff45418a6ac0100000000000018a6affe
1096984888.516005,2919569041975147250,000108000604000100070daff45418a6ac0100000000000018a6aed0
1096984888.58914,2919569041975147250,000108000604000100070daff454454cd801000000000000454cd80c
1096984888.616659,2919569041975147250,000108000604000100070daff45418a6ac0100000000000018a6aed3
1096984888.621143,2919569041975147250,000108000604000100070daff45418a6ac0100000000000018a6aec0
1096984888.635678,2919569041975147250,000108000604000100070daff45418a6ac0100000000000018a6ada9
1096984888.65321,2919569041975147250,000108000604000100070daff454411a5c01000000000000411a5c60
1096984888.732844,2919569041975147250,000108000604000100070daff454411a5c01000000000000411a5c43
1096984888.783925,2919569041975147250,000108000604000100070daff45418a6ac0100000000000018a6affa
1096984888.815962,2919569041975147250,000108000604000100070daff45418a6ac0100000000000018a6aec3
1096984888.859026,2919569041975147250,000108000604000100070daff454454cd801000000000000454cdb71
1096984888.863506,2919569041975147250,000108000604000100070daff454454cd801000000000000454cdeb1
1096984888.971208,2919569041975147250,000108000604000100070daff454454cd801000000000000454cde9d
1096984889.007757,2919569041975147250,000108000604000100070daff454411a5c01000000000000411a5cc3
1096984889.064396,2919569041975147250,000108000604000100070daff454454cd801000000000000454cdaa0
1096984889.118415,2919569041975147250,000108000604000100070daff454454cd801000000000000454cdc66
1096984889.136438,2919569041975147250,000108000604000100070daff454411c4e01000000000000411c4e29
1096984889.163481,2919569041975147250,000108000604000100070daff454454cd801000000000000454cddcf
1096984889.241109,2919569041975147250,000108000604000100070daff454411c4e01000000000000411c4ebf
1096984889.283689,2919569041975147250,000108000604000100070daff45418a6ac0100000000000018a6af39
1096984889.289667,2919569041975147250,000108000604000100070daff454411a5c01000000000000411a5d1a
1096984889.469438,2919569041975147250,000108000604000100070daff454411a4701000000000000411a4731
1096984889.470906,2919569041975147250,000108000604000100070daff45445511101000000000000455111e1
1096984889.472407,2919569041975147250,000108000604000100070daff454411a5c01000000000000411a5db0
1096984889.61516,2919569041975147250,000108000604000100070daff45445511101000000000000455111dc
1096984889.704781,2919569041975147250,000108000604000100070daff4544551110100000000000045511121
1096984889.720784,2919569041975147250,000108000604000100070daff45418a6ac0100000000000018a6af3b
1096984889.799418,2919569041975147250,000108000604000100070daff45418a6ac0100000000000018a6af97
1096984889.820934,2919569041975147250,000108000604000100070daff454454cd801000000000000454cdbd7
1096984889.839463,2919569041975147250,000108000604000100070daff45418a6ac0100000000000018a6af27
1096984889.99673,2919569041975147250,000108000604000100070daff4544334de010000000000004334de52
1096984890.082351,2919569041975147250,000108000604000100070daff454454cd801000000000000454cded2
1096984890.167976,2919569041975147250,000108000604000100070daff454411a5c01000000000000411a5f2e
1096984890.182488,2919569041975147250,000108000604000100070daff454454cd801000000000000454cd99e
1096984890.193987,2919569041975147250,000108000604000100070daff45418a6ac0100000000000018a6ae7c
1096984890.233059,2919569041975147250,000108000604000100070daff454454cd801000000000000454cdd27
1096984890.277156,2919569041975147250,000108000604000100070daff454454cd801000000000000454cdb53
1096984890.322688,2919569041975147250,000108000604000100070daff454454cd801000000000000454cdc53
1096984890.327181,2919569041975147250,000108000604000100070daff454454cd801000000000000454cde6d
1096984890.361756,2919569041975147250,000108000604000100070daff454411a5c01000000000000411a5f9f
1096984890.369249,2919569041975147250,000108000604000100070daff454411a4701000000000000411a470e
1096984890.609128,2919569041975147250,000108000604000100070daff454454cd801000000000000454cd94b
1096984890.612584,2919569041975147250,000108000604000100070daff45418a6ac0100000000000018a6ac49
1096984890.704747,2919569041975147250,000108000604000100070daff454454cd801000000000000454cdfbb
1096984890.762832,2919569041975147250,000108000604000100070daff45418a6ac0100000000000018a6aea7
1096984890.779858,2919569041975147250,000108000604000100070daff454454cd801000000000000454cdd74
1096984890.861482,2919569041975147250,000108000604000100070daff45418a6ac0100000000000018a6ad47
1096984890.886513,2919569041975147250,000108000604000100070daff454454cd801000000000000454cddac
1096984890.936089,2919569041975147250,000108000604000100070daff454454cd801000000000000454cdb64
1096984890.975156,2919569041975147250,000108000604000100070daff454454cd801000000000000454cde9d
1096984891.129388,2919569041975147250,000108000604000100070daff45418a6ac0100000000000018a6ada5
1096984891.133349,2919569041975147250,000108000604000100070daff454454cd801000000000000454cdae2
1096984891.164927,2919569041975147250,000108000604000100070daff45418a6ac0100000000000018a6aeec
1096984891.203996,2919569041975147250,000108000604000100070daff454454cd801000000000000454cdaf3
1096984891.253574,2919569041975147250,000108000604000100070daff45418a6ac0100000000000018a6afdc
1096984891.254061,2919569041975147250,000108000604000100070daff45418a6ac0100000000000018a6aea5
1096984891.27111,2919569041975147250,000108000604000100070daff454454cd801000000000000454cde10
1096984891.304148,2919569041975147250,000108000604000100070daff4544551110100000000000045511107
1096984891.321663,2919569041975147250,000108000604000100070daff45418a6ac0100000000000018a6adc7
1096984891.322129,2919569041975147250,000108000604000100070daff45418a6ac0100000000000018a6aec5
1096984891.373237,2919569041975147250,000108000604000100070daff454454cd801000000000000454cde0f
1096984891.476405,2919569041975147250,000108000604000100070daff45418a6ac0100000000000018a6affe
1096984891.587565,2919569041975147250,000108000604000100070daff45418a6ac0100000000000018a6ac69
1096984891.590018,2919569041975147250,000108000604000100070daff45418a6ac0100000000000018a6aeb5
1096984891.873978,2919569041975147250,000108000604000100070daff454411a5c01000000000000411a5c60
1096984891.972617,2919569041975147250,000108000604000100070daff454454cd801000000000000454cdbda
1096984892.056253,2919569041975147250,000108000604000100070daff454454cd801000000000000454cdc66
1096984892.066741,2919569041975147250,000108000604000100070daff4544334de010000000000004334de12
1096984892.127836,2919569041975147250,000108000604000100070daff45418a6ac0100000000000018a6af52
1096984892.184451,2919569041975147250,000108000604000100070daff454454cd801000000000000454cda40
1096984892.190912,2919569041975147250,000108000604000100070daff454411a5c01000000000000411a5e7f
1096984892.208948,2919569041975147250,000108000604000100070daff454411c4e01000000000000411c4ebf
1096984892.236006,2919569041975147250,000108000604000100070daff45418a6ac0100000000000018a6afa0
1096984892.251048,2919569041975147250,000108000604000100070daff45418a6ac0100000000000018a6af6c
1096984892.300125,2919569041975147250,000108000604000100070daff45418a6ac0100000000000018a6af39
1096984892.307595,2919569041975147250,000108000604000100070daff454411a4701000000000000411a4731
1096984892.326624,2919569041975147250,000108000604000100070daff45418a6ac0100000000000018a6aed5
1096984892.343161,2919569041975147250,000108000604000100070daff454454cd801000000000000454cdc67
1096984892.464387,2919569041975147250,000108000604000100070daff45445511101000000000000455111e1
1096984892.485394,2919569041975147250,000108000604000100070daff454411a5c01000000000000411a5db0
1096984892.55698,2919569041975147250,000108000604000100070daff45445511101000000000000455111dc
1096984892.57751,2919569041975147250,000108000604000100070daff45418a6ac0100000000000018a6afab
1096984892.598023,2919569041975147250,000108000604000100070daff454411a5c01000000000000411a5d11
1096984892.601504,2919569041975147250,000108000604000100070daff45418a6ac0100000000000018a6af3b
1096984892.637586,2919569041975147250,000108000604000100070daff45418a6ac0100000000000018a6aed6
1096984892.751265,2919569041975147250,000108000604000100070daff45418a6ac0100000000000018a6af97
1096984892.81085,2919569041975147250,000108000604000100070daff45418a6ac0100000000000018a6aecf
1096984892.810918,2919569041975147250,000108000604000100070daff454454cd801000000000000454cdbd7
1096984892.834883,2919569041975147250,000108000604000100070daff45418a6ac0100000000000018a6aefb
1096984892.843866,2919569041975147250,000108000604000100070daff45418a6ac0100000000000018a6af27
1096984892.88047,2919569041975147250,000108000604000100070daff454454cd801000000000000454cda3a
1096984893.043207,2919569041975147250,000108000604000100070daff454454cd801000000000000454cd99e
1096984893.057199,2919569041975147250,000108000604000100070daff454454cd801000000000000454cdbb1
1096984893.06922,2919569041975147250,000108000604000100070daff45445511101000000000000455111db
1096984893.0727,2919569041975147250,000108000604000100070daff454454cd801000000000000454cda2a
1096984893.113295,2919569041975147250,000108000604000100070daff45418a6ac0100000000000018a6ad2c
1096984893.134417,2919569041975147250,000108000604000100070daff454454cd801000000000000454cda7d
1096984893.228981,2919569041975147250,000108000604000100070daff454454cd801000000000000454cdd27
1096984893.260031,2919569041975147250,000108000604000100070daff454454cd801000000000000454cdc53
1096984893.266013,2919569041975147250,000108000604000100070daff454454cd801000000000000454cdb53
1096984893.294093,2919569041975147250,000108000604000100070daff454454cd801000000000000454cde51
1096984893.309582,2919569041975147250,000108000604000100070daff454454cd801000000000000454cde6d
1096984893.387715,2919569041975147250,000108000604000100070daff45418a6ac0100000000000018a6ae59
1096984893.499387,2919569041975147250,000108000604000100070daff45418a6ac0100000000000018a6adcf
1096984893.520378,2919569041975147250,000108000604000100070daff454454cd801000000000000454cd94b
1096984893.710681,2919569041975147250,000108000604000100070daff45418a6ac0100000000000018a6afb6
1096984893.75423,2919569041975147250,000108000604000100070daff454454cd801000000000000454cdd74
1096984893.815327,2919569041975147250,000108000604000100070daff45418a6ac0100000000000018a6ad47
1096984893.83486,2919569041975147250,000108000604000100070daff454454cd801000000000000454cddac
1096984893.894948,2919569041975147250,000108000604000100070daff454454cd801000000000000454cdb64
1096984893.991102,2919569041975147250,000108000604000100070daff454454cd801000000000000454cdae2
1096984893.996077,2919569041975147250,000108000604000100070daff454454cd801000000000000454cdf51
1096984894.03865,2919569041975147250,000108000604000100070daff45418a6ac0100000000000018a6ad66
1096984894.1308,2919569041975147250,000108000604000100070daff45418a6ac0100000000000018a6aeec
1096984894.144804,2919569041975147250,000108000604000100070daff45418a6ac0100000000000018a6adba
1096984894.170842,2919569041975147250,000108000604000100070daff454454cd801000000000000454cde10
1096984894.181872,2919569041975147250,000108000604000100070daff45418a6ac0100000000000018a6afdc
1096984894.236465,2919569041975147250,000108000604000100070daff4544551110100000000000045511107
1096984894.24445,2919569041975147250,000108000604000100070daff454454cd801000000000000454cde0f
