1669258527.97693,755436200838405331,474554202f732f6774733164342f54694b7a623247536e726f2f4d464177546a424d4d456f77534441484267557244674d43476751556a415251366c4e44535548575852426c4e32354959394261456130454643586947413679563547554b75585558596151673935547337695341684541306868575743644d6f556f4a5a6c627246564652706725334425334420485454502f312e310d0a486f73743a206f6373702e706b692e676f6f670d0a582d4170706c652d526571756573742d555549443a2036353436414235342d313346422d344332452d393645392d3434423130433942373244430d0a4163636570743a202a2f2a0d0a557365722d4167656e743a20636f6d2e6170706c652e7472757374642f322e320d0a4163636570742d4c616e67756167653a20656e2d41552c656e3b713d302e390d0a4163636570742d456e636f64696e673a20677a69702c206465666c6174650d0a436f6e6e656374696f6e3a206b6565702d616c6976650d0a0d0a
1669258528.00172,3683365146806073364,485454502f312e3120323030204f4b0d0a5365727665723a2073636166666f6c64696e67206f6e2048545450536572766572320d0a436f6e74656e742d4c656e6774683a203437320d0a582d5853532d50726f74656374696f6e3a20300d0a582d4672616d652d4f7074696f6e733a2053414d454f524947494e0d0a446174653a205765642c203233204e6f7620323032322032333a34323a343820474d540d0a43616368652d436f6e74726f6c3a207075626c69632c206d61782d6167653d31343430300d0a436f6e74656e742d547970653a206170706c69636174696f6e2f6f6373702d726573706f6e73650d0a4167653a2031313536300d0a0d0a
1669258528.335871,1168979031728437116,474554202f732f6774733164342f366249624e3776576e50672f4d4538775454424c4d456b77527a41484267557244674d43476751556a415251366c4e44535548575852426c4e32354959394261456130454643586947413679563547554b7558555859615167393554733769534168426569515447664b393545516f426159644f584f4a5120485454502f312e310d0a486f73743a206f6373702e706b692e676f6f670d0a582d4170706c652d526571756573742d555549443a2032414338433843322d334238452d343034362d423043322d3439314434414435333644330d0a4163636570743a202a2f2a0d0a557365722d4167656e743a20636f6d2e6170706c652e7472757374642f322e320d0a4163636570742d4c616e67756167653a20656e2d41552c656e3b713d302e390d0a4163636570742d456e636f64696e673a20677a69702c206465666c6174650d0a436f6e6e656374696f6e3a206b6565702d616c6976650d0a0d0a
1669258528.360119,5593280711783063947,485454502f312e3120323030204f4b0d0a5365727665723a2073636166666f6c64696e67206f6e2048545450536572766572320d0a436f6e74656e742d4c656e6774683a203437310d0a582d5853532d50726f74656374696f6e3a20300d0a582d4672616d652d4f7074696f6e733a2053414d454f524947494e0d0a446174653a205468752c203234204e6f7620323032322030313a33343a303820474d540d0a43616368652d436f6e74726f6c3a207075626c69632c206d61782d6167653d31343430300d0a436f6e74656e742d547970653a206170706c69636174696f6e2f6f6373702d726573706f6e73650d0a4167653a20343838300d0a0d0a
1669258528.724303,6934489585799383439,474554202f732f6774733164342f374e51625f7765304664732f4d464177546a424d4d456f77534441484267557244674d43476751556a415251366c4e44535548575852426c4e32354959394261456130454643586947413679563547554b755855585961516739355473376953416845416d6d354f7157384125324679494a48507767546e4539786725334425334420485454502f312e310d0a486f73743a206f6373702e706b692e676f6f670d0a582d4170706c652d526571756573742d555549443a2042354546364230312d354135422d343246332d414331432d3532453046394437353146440d0a4163636570743a202a2f2a0d0a557365722d4167656e743a20636f6d2e6170706c652e7472757374642f322e320d0a4163636570742d4c616e67756167653a20656e2d41552c656e3b713d302e390d0a4163636570742d456e636f64696e673a20677a69702c206465666c6174650d0a436f6e6e656374696f6e3a206b6565702d616c6976650d0a0d0a
1669258528.749133,5593280711783063947,485454502f312e3120323030204f4b0d0a5365727665723a2073636166666f6c64696e67206f6e2048545450536572766572320d0a436f6e74656e742d4c656e6774683a203437320d0a582d5853532d50726f74656374696f6e3a20300d0a582d4672616d652d4f7074696f6e733a2053414d454f524947494e0d0a446174653a205468752c203234204e6f7620323032322030313a33323a313120474d540d0a43616368652d436f6e74726f6c3a207075626c69632c206d61782d6167653d31343430300d0a436f6e74656e742d547970653a206170706c69636174696f6e2f6f6373702d726573706f6e73650d0a4167653a20343939370d0a0d0a
1669258529.44509,2952885462945427407,474554202f6774733163332f4d4538775454424c4d456b77527a41484267557244674d4347675155787935356974332532465954537a75753148517269377873416b42324d45464970306636253242467a6536567a543263304f4a4746504e784e52306e4168417262367a56776b34456868494c7948306c4544654820485454502f312e310d0a486f73743a206f6373702e706b692e676f6f670d0a582d4170706c652d526571756573742d555549443a2030373041444435422d363345432d343544432d384236332d4542324631303844353945360d0a4163636570743a202a2f2a0d0a557365722d4167656e743a20636f6d2e6170706c652e7472757374642f322e320d0a4163636570742d4c616e67756167653a20656e2d41552c656e3b713d302e390d0a4163636570742d456e636f64696e673a20677a69702c206465666c6174650d0a436f6e6e656374696f6e3a206b6565702d616c6976650d0a0d0a
1669258529.469478,4967520827627662757,485454502f312e3120323030204f4b0d0a5365727665723a206f6373705f726573706f6e6465720d0a436f6e74656e742d4c656e6774683a203437310d0a582d5853532d50726f74656374696f6e3a20300d0a582d4672616d652d4f7074696f6e733a2053414d454f524947494e0d0a446174653a205468752c203234204e6f7620323032322030323a31313a303920474d540d0a43616368652d436f6e74726f6c3a207075626c69632c206d61782d6167653d31343430300d0a436f6e74656e742d547970653a206170706c69636174696f6e2f6f6373702d726573706f6e73650d0a4167653a20323636300d0a0d0a
1669258529.561432,2952885462945427407,474554202f6774733163332f4d4538775454424c4d456b77527a41484267557244674d4347675155787935356974332532465954537a75753148517269377873416b42324d45464970306636253242467a6536567a543263304f4a4746504e784e52306e41684246626c4f375374305744784c3072655a52305a565120485454502f312e310d0a486f73743a206f6373702e706b692e676f6f670d0a582d4170706c652d526571756573742d555549443a2039393831414130382d314238352d344635392d414631312d3539363744384243353438390d0a4163636570743a202a2f2a0d0a557365722d4167656e743a20636f6d2e6170706c652e7472757374642f322e320d0a4163636570742d4c616e67756167653a20656e2d41552c656e3b713d302e390d0a4163636570742d456e636f64696e673a20677a69702c206465666c6174650d0a436f6e6e656374696f6e3a206b6565702d616c6976650d0a0d0a
1669258529.592502,6844804193941345525,485454502f312e3120323030204f4b0d0a5365727665723a206f6373705f726573706f6e6465720d0a436f6e74656e742d4c656e6774683a203437310d0a582d5853532d50726f74656374696f6e3a20300d0a582d4672616d652d4f7074696f6e733a2053414d454f524947494e0d0a446174653a205468752c203234204e6f7620323032322030323a34303a333920474d540d0a43616368652d436f6e74726f6c3a207075626c69632c206d61782d6167653d31343430300d0a436f6e74656e742d547970653a206170706c69636174696f6e2f6f6373702d726573706f6e73650d0a4167653a203839300d0a0d0a
1669258530.891505,1168979031728437116,474554202f6774733163332f4d464177546a424d4d456f77534441484267557244674d4347675155787935356974332532465954537a75753148517269377873416b42324d45464970306636253242467a6536567a543263304f4a4746504e784e52306e41684541696a43663250253246434e684153636a4e4552583850424125334425334420485454502f312e310d0a486f73743a206f6373702e706b692e676f6f670d0a582d4170706c652d526571756573742d555549443a2035423438333333452d363131342d344645372d393945392d3031314338414443333044360d0a4163636570743a202a2f2a0d0a557365722d4167656e743a20636f6d2e6170706c652e7472757374642f322e320d0a4163636570742d4c616e67756167653a20656e2d41552c656e3b713d302e390d0a4163636570742d456e636f64696e673a20677a69702c206465666c6174650d0a436f6e6e656374696f6e3a206b6565702d616c6976650d0a0d0a
1669258530.915834,4967520827627662757,485454502f312e3120323030204f4b0d0a5365727665723a206f6373705f726573706f6e6465720d0a436f6e74656e742d4c656e6774683a203437320d0a582d5853532d50726f74656374696f6e3a20300d0a582d4672616d652d4f7074696f6e733a2053414d454f524947494e0d0a446174653a205468752c203234204e6f7620323032322030323a31323a333920474d540d0a43616368652d436f6e74726f6c3a207075626c69632c206d61782d6167653d31343430300d0a436f6e74656e742d547970653a206170706c69636174696f6e2f6f6373702d726573706f6e73650d0a4167653a20323537310d0a0d0a
1669258531.556965,1168979031728437116,474554202f6774733163332f4d464177546a424d4d456f77534441484267557244674d4347675155787935356974332532465954537a75753148517269377873416b42324d45464970306636253242467a6536567a543263304f4a4746504e784e52306e416845416876505970253242435942677353796e3373454a39577a6725334425334420485454502f312e310d0a486f73743a206f6373702e706b692e676f6f670d0a582d4170706c652d526571756573742d555549443a2041303643324443302d463242372d343032322d383032312d4336424336354635453546360d0a4163636570743a202a2f2a0d0a557365722d4167656e743a20636f6d2e6170706c652e7472757374642f322e320d0a4163636570742d4c616e67756167653a20656e2d41552c656e3b713d302e390d0a4163636570742d456e636f64696e673a20677a69702c206465666c6174650d0a436f6e6e656374696f6e3a206b6565702d616c6976650d0a0d0a
1669258531.581184,6844804193941345525,485454502f312e3120323030204f4b0d0a5365727665723a206f6373705f726573706f6e6465720d0a436f6e74656e742d4c656e6774683a203437320d0a582d5853532d50726f74656374696f6e3a20300d0a582d4672616d652d4f7074696f6e733a2053414d454f524947494e0d0a446174653a205468752c203234204e6f7620323032322030323a34303a333920474d540d0a43616368652d436f6e74726f6c3a207075626c69632c206d61782d6167653d31343430300d0a436f6e74656e742d547970653a206170706c69636174696f6e2f6f6373702d726573706f6e73650d0a4167653a203839320d0a0d0a
1669258531.914573,8609067613360902364,474554202f4d4538775454424c4d456b77527a41484267557244674d43476751554b7830656d4d7a7a64675457776369394661496b79415154414467454641713843436b586a4b553562586f4f7a6a50484c725074253242384e3641684146474a7055362532426a4836515067717732535655586520485454502f312e310d0a486f73743a206f6373702e64696769636572742e636f6d0d0a582d4170706c652d526571756573742d555549443a2037373844303030442d433839462d344344442d393932322d4341344342373932454444430d0a4163636570743a202a2f2a0d0a557365722d4167656e743a20636f6d2e6170706c652e7472757374642f322e320d0a4163636570742d4c616e67756167653a20656e2d41552c656e3b713d302e390d0a4163636570742d456e636f64696e673a20677a69702c206465666c6174650d0a436f6e6e656374696f6e3a206b6565702d616c6976650d0a0d0a
1669258531.92673,1747563156638666157,485454502f312e3120323030204f4b0d0a4163636570742d52616e6765733a2062797465730d0a4167653a203834330d0a43616368652d436f6e74726f6c3a206d61782d6167653d3132353336360d0a436f6e74656e742d547970653a206170706c69636174696f6e2f6f6373702d726573706f6e73650d0a446174653a205468752c203234204e6f7620323032322030323a35353a333120474d540d0a457461673a202236333765323038652d313338220d0a457870697265733a204672692c203235204e6f7620323032322031333a34343a353720474d540d0a4c6173742d4d6f6469666965643a205765642c203233204e6f7620323032322031333a33303a353420474d540d0a5365727665723a2045435320286d62772f34374245290d0a582d43616368653a204849540d0a436f6e74656e742d4c656e6774683a203331320d0a0d0a
1669258533.785492,3319267119201640462,474554202f4d4538775454424c4d456b77527a41484267557244674d43476751554b7830656d4d7a7a64675457776369394661496b79415154414467454641713843436b586a4b553562586f4f7a6a50484c725074253242384e36416841436449663067744238734f68427a776f704e58366220485454502f312e310d0a486f73743a206f6373702e64696769636572742e636f6d0d0a582d4170706c652d526571756573742d555549443a2034414136313435352d323444392d343832342d394439312d3942444334463230304339330d0a4163636570743a202a2f2a0d0a557365722d4167656e743a20636f6d2e6170706c652e7472757374642f322e320d0a4163636570742d4c616e67756167653a20656e2d41552c656e3b713d302e390d0a4163636570742d456e636f64696e673a20677a69702c206465666c6174650d0a436f6e6e656374696f6e3a206b6565702d616c6976650d0a0d0a
1669258533.798445,8998869921004988147,485454502f312e3120323030204f4b0d0a4163636570742d52616e6765733a2062797465730d0a4167653a20333030380d0a43616368652d436f6e74726f6c3a206d61782d6167653d3131323430390d0a436f6e74656e742d547970653a206170706c69636174696f6e2f6f6373702d726573706f6e73650d0a446174653a205468752c203234204e6f7620323032322030323a35353a333320474d540d0a457461673a202236333764653537652d313339220d0a457870697265733a204672692c203235204e6f7620323032322031303a30393a303220474d540d0a4c6173742d4d6f6469666965643a205765642c203233204e6f7620323032322030393a31383a353420474d540d0a5365727665723a2045435320286d62772f34374245290d0a582d43616368653a204849540d0a436f6e74656e742d4c656e6774683a203331330d0a0d0a
1669258640.978822,3898518575565299331,474554202f6774733163332f4d464177546a424d4d456f77534441484267557244674d4347675155787935356974332532465954537a75753148517269377873416b42324d45464970306636253242467a6536567a543263304f4a4746504e784e52306e416845413238683777586d6261546b4b53726a624c634a36627725334425334420485454502f312e310d0a486f73743a206f6373702e706b692e676f6f670d0a582d4170706c652d526571756573742d555549443a2042374430304233332d393537362d344546332d393344332d3032384243423336304335360d0a4163636570743a202a2f2a0d0a557365722d4167656e743a20636f6d2e6170706c652e7472757374642f322e320d0a4163636570742d4c616e67756167653a20656e2d41552c656e3b713d302e390d0a4163636570742d456e636f64696e673a20677a69702c206465666c6174650d0a436f6e6e656374696f6e3a206b6565702d616c6976650d0a0d0a
1669258641.004015,6844804193941345525,485454502f312e3120323030204f4b0d0a5365727665723a206f6373705f726573706f6e6465720d0a436f6e74656e742d4c656e6774683a203437320d0a582d5853532d50726f74656374696f6e3a20300d0a582d4672616d652d4f7074696f6e733a2053414d454f524947494e0d0a446174653a205468752c203234204e6f7620323032322030323a34303a353520474d540d0a43616368652d436f6e74726f6c3a207075626c69632c206d61782d6167653d31343430300d0a436f6e74656e742d547970653a206170706c69636174696f6e2f6f6373702d726573706f6e73650d0a4167653a203938360d0a0d0a
1669258641.011216,8872124422690527215,474554202f6774733163332f4d4538775454424c4d456b77527a41484267557244674d4347675155787935356974332532465954537a75753148517269377873416b42324d45464970306636253242467a6536567a543263304f4a4746504e784e52306e4168426267582532422532464f5168596f416f4c6b61796a416c324820485454502f312e310d0a486f73743a206f6373702e706b692e676f6f670d0a582d4170706c652d526571756573742d555549443a2039454434343231422d363332382d343934432d394143312d3837384239464335444535450d0a4163636570743a202a2f2a0d0a557365722d4167656e743a20636f6d2e6170706c652e7472757374642f322e320d0a4163636570742d4c616e67756167653a20656e2d41552c656e3b713d302e390d0a4163636570742d456e636f64696e673a20677a69702c206465666c6174650d0a436f6e6e656374696f6e3a206b6565702d616c6976650d0a0d0a
1669258641.036823,6844804193941345525,485454502f312e3120323030204f4b0d0a5365727665723a206f6373705f726573706f6e6465720d0a436f6e74656e742d4c656e6774683a203437310d0a582d5853532d50726f74656374696f6e3a20300d0a582d4672616d652d4f7074696f6e733a2053414d454f524947494e0d0a446174653a205468752c203234204e6f7620323032322030323a34313a303320474d540d0a43616368652d436f6e74726f6c3a207075626c69632c206d61782d6167653d31343430300d0a436f6e74656e742d547970653a206170706c69636174696f6e2f6f6373702d726573706f6e73650d0a4167653a203937380d0a0d0a
