1543677188.933334,4811763454999924262,0001080006040001b8ca3aa48bf5c0a8320870f35a4273e8c0a832fd
1543677188.933335,4811763454999924262,0001080006040001b8ca3aa48bf5c0a8320870f35a4273e8c0a832fd
1543677188.935358,4811763454999924262,000108000604000270f35a4273e8c0a832fdb8ca3aa48bf5c0a83208
1543677188.935359,4811763454999924262,000108000604000270f35a4273e8c0a832fdb8ca3aa48bf5c0a83208
1543678086.944209,4811763454999924262,0001080006040001b8ca3a7b97d6c0a8320670f35a4273e8c0a832fd
1543678086.94421,4811763454999924262,0001080006040001b8ca3a7b97d6c0a8320670f35a4273e8c0a832fd
1543678086.946305,4811763454999924262,000108000604000270f35a4273e8c0a832fdb8ca3a7b97d6c0a83206
1543678086.946306,4811763454999924262,000108000604000270f35a4273e8c0a832fdb8ca3a7b97d6c0a83206
1543687409.430067,4811763454999924262,0001080006040001b8ca3aa48bf5c0a8320870f35a4273e8c0a832fd
1543687409.43007,4811763454999924262,0001080006040001b8ca3aa48bf5c0a8320870f35a4273e8c0a832fd
1543687409.432177,4811763454999924262,000108000604000270f35a4273e8c0a832fdb8ca3aa48bf5c0a83208
1543687409.432179,4811763454999924262,000108000604000270f35a4273e8c0a832fdb8ca3aa48bf5c0a83208
1543687436.434761,4811763454999924262,0001080006040001b8ca3aa48bf5c0a8320870f35a4273e8c0a832fd
1543687436.434763,4811763454999924262,0001080006040001b8ca3aa48bf5c0a8320870f35a4273e8c0a832fd
1543687436.436836,4811763454999924262,000108000604000270f35a4273e8c0a832fdb8ca3aa48bf5c0a83208
1543687436.436838,4811763454999924262,000108000604000270f35a4273e8c0a832fdb8ca3aa48bf5c0a83208
1543687469.428884,4811763454999924262,0001080006040001b8ca3aa48bf5c0a8320870f35a4273e8c0a832fd
1543687469.428886,4811763454999924262,0001080006040001b8ca3aa48bf5c0a8320870f35a4273e8c0a832fd
1543687469.430946,4811763454999924262,000108000604000270f35a4273e8c0a832fdb8ca3aa48bf5c0a83208
1543687469.430948,4811763454999924262,000108000604000270f35a4273e8c0a832fdb8ca3aa48bf5c0a83208
1543687544.100823,4811763454999924262,0001080006040001b8ca3a7b9818c0a8320770f35a4273e8c0a832fd
1543687544.100825,4811763454999924262,0001080006040001b8ca3a7b9818c0a8320770f35a4273e8c0a832fd
1543687544.102872,4811763454999924262,000108000604000270f35a4273e8c0a832fdb8ca3a7b9818c0a83207
1543687544.102874,4811763454999924262,000108000604000270f35a4273e8c0a832fdb8ca3a7b9818c0a83207
1543687571.110149,4811763454999924262,0001080006040001b8ca3a7b97d6c0a8320670f35a4273e8c0a832fd
1543687571.110151,4811763454999924262,0001080006040001b8ca3a7b97d6c0a8320670f35a4273e8c0a832fd
1543687571.112169,4811763454999924262,000108000604000270f35a4273e8c0a832fdb8ca3a7b97d6c0a83206
1543687571.112171,4811763454999924262,000108000604000270f35a4273e8c0a832fdb8ca3a7b97d6c0a83206
1543687593.100934,4811763454999924262,0001080006040001b8ca3a7b9818c0a8320770f35a4273e8c0a832fd
1543687593.100937,4811763454999924262,0001080006040001b8ca3a7b9818c0a8320770f35a4273e8c0a832fd
1543687593.103117,4811763454999924262,000108000604000270f35a4273e8c0a832fdb8ca3a7b9818c0a83207
1543687593.103119,4811763454999924262,000108000604000270f35a4273e8c0a832fdb8ca3a7b9818c0a83207
1543687633.433053,4811763454999924262,0001080006040001b8ca3aa48bf5c0a8320870f35a4273e8c0a832fd
1543687633.433055,4811763454999924262,0001080006040001b8ca3aa48bf5c0a8320870f35a4273e8c0a832fd
1543687633.434919,4811763454999924262,000108000604000270f35a4273e8c0a832fdb8ca3aa48bf5c0a83208
1543687633.434921,4811763454999924262,000108000604000270f35a4273e8c0a832fdb8ca3aa48bf5c0a83208
1543687671.93393,4811763454999924262,0001080006040001b8ca3aa48bf5c0a8320870f35a4273e8c0a832fd
1543687671.933932,4811763454999924262,0001080006040001b8ca3aa48bf5c0a8320870f35a4273e8c0a832fd
1543687671.936037,4811763454999924262,000108000604000270f35a4273e8c0a832fdb8ca3aa48bf5c0a83208
1543687671.93604,4811763454999924262,000108000604000270f35a4273e8c0a832fdb8ca3aa48bf5c0a83208
1543687707.893884,4811763454999924262,0001080006040001b8ca3a7b97d6c0a83206000000000000c0a832fd
1543687707.893891,4811763454999924262,0001080006040001b8ca3a7b97d6c0a83206000000000000c0a832fd
1543687707.893892,4811763454999924262,0001080006040001b8ca3a7b97d6c0a83206000000000000c0a832fd
1543687707.893894,4811763454999924262,0001080006040001b8ca3a7b97d6c0a83206000000000000c0a832fd
1543687707.89591,4811763454999924262,000108000604000270f35a4273e8c0a832fdb8ca3a7b97d6c0a83206
1543687707.895912,4811763454999924262,000108000604000270f35a4273e8c0a832fdb8ca3a7b97d6c0a83206
1543687754.440225,4811763454999924262,0001080006040001b8ca3aa48bf5c0a8320870f35a4273e8c0a832fd
1543687754.440228,4811763454999924262,0001080006040001b8ca3aa48bf5c0a8320870f35a4273e8c0a832fd
1543687754.44233,4811763454999924262,000108000604000270f35a4273e8c0a832fdb8ca3aa48bf5c0a83208
1543687754.442334,4811763454999924262,000108000604000270f35a4273e8c0a832fdb8ca3aa48bf5c0a83208
1543687773.10731,4811763454999924262,0001080006040001b8ca3a7b9818c0a8320770f35a4273e8c0a832fd
1543687773.107313,4811763454999924262,0001080006040001b8ca3a7b9818c0a8320770f35a4273e8c0a832fd
1543687773.109379,4811763454999924262,000108000604000270f35a4273e8c0a832fdb8ca3a7b9818c0a83207
1543687773.109381,4811763454999924262,000108000604000270f35a4273e8c0a832fdb8ca3a7b9818c0a83207
1543687781.943131,4811763454999924262,0001080006040001b8ca3aa48bf5c0a8320870f35a4273e8c0a832fd
1543687781.943134,4811763454999924262,0001080006040001b8ca3aa48bf5c0a8320870f35a4273e8c0a832fd
1543687781.94526,4811763454999924262,000108000604000270f35a4273e8c0a832fdb8ca3aa48bf5c0a83208
1543687781.945262,4811763454999924262,000108000604000270f35a4273e8c0a832fdb8ca3aa48bf5c0a83208
1543687811.941996,4811763454999924262,0001080006040001b8ca3aa48bf5c0a8320870f35a4273e8c0a832fd
1543687811.941999,4811763454999924262,0001080006040001b8ca3aa48bf5c0a8320870f35a4273e8c0a832fd
1543687811.94412,4811763454999924262,000108000604000270f35a4273e8c0a832fdb8ca3aa48bf5c0a83208
1543687811.944122,4811763454999924262,000108000604000270f35a4273e8c0a832fdb8ca3aa48bf5c0a83208
1543687841.940904,4811763454999924262,0001080006040001b8ca3aa48bf5c0a8320870f35a4273e8c0a832fd
1543687841.940907,4811763454999924262,0001080006040001b8ca3aa48bf5c0a8320870f35a4273e8c0a832fd
1543687841.943017,4811763454999924262,000108000604000270f35a4273e8c0a832fdb8ca3aa48bf5c0a83208
1543687841.943019,4811763454999924262,000108000604000270f35a4273e8c0a832fdb8ca3aa48bf5c0a83208
1543687873.936592,4811763454999924262,0001080006040001b8ca3aa48bf5c0a8320870f35a4273e8c0a832fd
1543687873.936594,4811763454999924262,0001080006040001b8ca3aa48bf5c0a8320870f35a4273e8c0a832fd
1543687873.938723,4811763454999924262,000108000604000270f35a4273e8c0a832fdb8ca3aa48bf5c0a83208
1543687873.938726,4811763454999924262,000108000604000270f35a4273e8c0a832fdb8ca3aa48bf5c0a83208
1543687914.434256,4811763454999924262,0001080006040001b8ca3aa48bf5c0a8320870f35a4273e8c0a832fd
1543687914.434259,4811763454999924262,0001080006040001b8ca3aa48bf5c0a8320870f35a4273e8c0a832fd
1543687914.436354,4811763454999924262,000108000604000270f35a4273e8c0a832fdb8ca3aa48bf5c0a83208
1543687914.436356,4811763454999924262,000108000604000270f35a4273e8c0a832fdb8ca3aa48bf5c0a83208
1543687941.437944,4811763454999924262,0001080006040001b8ca3aa48bf5c0a8320870f35a4273e8c0a832fd
1543687941.437947,4811763454999924262,0001080006040001b8ca3aa48bf5c0a8320870f35a4273e8c0a832fd
1543687941.440089,4811763454999924262,000108000604000270f35a4273e8c0a832fdb8ca3aa48bf5c0a83208
1543687941.440091,4811763454999924262,000108000604000270f35a4273e8c0a832fdb8ca3aa48bf5c0a83208
1543687973.433605,4811763454999924262,0001080006040001b8ca3aa48bf5c0a8320870f35a4273e8c0a832fd
1543687973.433608,4811763454999924262,0001080006040001b8ca3aa48bf5c0a8320870f35a4273e8c0a832fd
1543687973.435711,4811763454999924262,000108000604000270f35a4273e8c0a832fdb8ca3aa48bf5c0a83208
1543687973.435713,4811763454999924262,000108000604000270f35a4273e8c0a832fdb8ca3aa48bf5c0a83208
1543688008.173497,4811763454999924262,0001080006040001b8ca3a7b97d6c0a83206000000000000c0a832fd
1543688008.173503,4811763454999924262,0001080006040001b8ca3a7b97d6c0a83206000000000000c0a832fd
1543688008.173504,4811763454999924262,0001080006040001b8ca3a7b97d6c0a83206000000000000c0a832fd
1543688008.173505,4811763454999924262,0001080006040001b8ca3a7b97d6c0a83206000000000000c0a832fd
1543688008.175662,4811763454999924262,000108000604000270f35a4273e8c0a832fdb8ca3a7b97d6c0a83206
1543688008.175664,4811763454999924262,000108000604000270f35a4273e8c0a832fdb8ca3a7b97d6c0a83206
1543688060.436043,4811763454999924262,0001080006040001b8ca3aa48bf5c0a8320870f35a4273e8c0a832fd
1543688060.436045,4811763454999924262,0001080006040001b8ca3aa48bf5c0a8320870f35a4273e8c0a832fd
1543688060.438146,4811763454999924262,000108000604000270f35a4273e8c0a832fdb8ca3aa48bf5c0a83208
1543688060.438148,4811763454999924262,000108000604000270f35a4273e8c0a832fdb8ca3aa48bf5c0a83208
1543688089.436537,4811763454999924262,0001080006040001b8ca3aa48bf5c0a8320870f35a4273e8c0a832fd
1543688089.43654,4811763454999924262,0001080006040001b8ca3aa48bf5c0a8320870f35a4273e8c0a832fd
1543688089.438495,4811763454999924262,000108000604000270f35a4273e8c0a832fdb8ca3aa48bf5c0a83208
1543688089.438497,4811763454999924262,000108000604000270f35a4273e8c0a832fdb8ca3aa48bf5c0a83208
1543688117.438615,4811763454999924262,0001080006040001b8ca3aa48bf5c0a8320870f35a4273e8c0a832fd
1543688117.438618,4811763454999924262,0001080006040001b8ca3aa48bf5c0a8320870f35a4273e8c0a832fd
1543688117.44072,4811763454999924262,000108000604000270f35a4273e8c0a832fdb8ca3aa48bf5c0a83208
1543688117.440722,4811763454999924262,000108000604000270f35a4273e8c0a832fdb8ca3aa48bf5c0a83208
1543688147.437467,4811763454999924262,0001080006040001b8ca3aa48bf5c0a8320870f35a4273e8c0a832fd
1543688147.43747,4811763454999924262,0001080006040001b8ca3aa48bf5c0a8320870f35a4273e8c0a832fd
1543688147.439546,4811763454999924262,000108000604000270f35a4273e8c0a832fdb8ca3aa48bf5c0a83208
1543688147.439549,4811763454999924262,000108000604000270f35a4273e8c0a832fdb8ca3aa48bf5c0a83208
1543688196.43718,4811763454999924262,0001080006040001b8ca3aa48bf5c0a8320870f35a4273e8c0a832fd
1543688196.437182,4811763454999924262,0001080006040001b8ca3aa48bf5c0a8320870f35a4273e8c0a832fd
1543688196.439274,4811763454999924262,000108000604000270f35a4273e8c0a832fdb8ca3aa48bf5c0a83208
1543688196.439276,4811763454999924262,000108000604000270f35a4273e8c0a832fdb8ca3aa48bf5c0a83208
1543688227.434501,4811763454999924262,0001080006040001b8ca3aa48bf5c0a8320870f35a4273e8c0a832fd
1543688227.434504,4811763454999924262,0001080006040001b8ca3aa48bf5c0a8320870f35a4273e8c0a832fd
1543688227.436309,4811763454999924262,000108000604000270f35a4273e8c0a832fdb8ca3aa48bf5c0a83208
1543688227.436312,4811763454999924262,000108000604000270f35a4273e8c0a832fdb8ca3aa48bf5c0a83208
1543688232.617894,4811763454999924262,0001080006040001b8ca3a7b9818c0a8320770f35a4273e8c0a832fd
1543688232.617896,4811763454999924262,0001080006040001b8ca3a7b9818c0a8320770f35a4273e8c0a832fd
1543688232.620056,4811763454999924262,000108000604000270f35a4273e8c0a832fdb8ca3a7b9818c0a83207
1543688232.620059,4811763454999924262,000108000604000270f35a4273e8c0a832fdb8ca3a7b9818c0a83207
1543688242.619779,4811763454999924262,0001080006040001b8ca3a7b97d6c0a8320670f35a4273e8c0a832fd
1543688242.619781,4811763454999924262,0001080006040001b8ca3a7b97d6c0a8320670f35a4273e8c0a832fd
1543688242.621931,4811763454999924262,000108000604000270f35a4273e8c0a832fdb8ca3a7b97d6c0a83206
1543688242.621933,4811763454999924262,000108000604000270f35a4273e8c0a832fdb8ca3a7b97d6c0a83206
1543688270.943001,4811763454999924262,0001080006040001b8ca3aa48bf5c0a8320870f35a4273e8c0a832fd
1543688270.943003,4811763454999924262,0001080006040001b8ca3aa48bf5c0a8320870f35a4273e8c0a832fd
1543688270.945094,4811763454999924262,000108000604000270f35a4273e8c0a832fdb8ca3aa48bf5c0a83208
1543688270.945097,4811763454999924262,000108000604000270f35a4273e8c0a832fdb8ca3aa48bf5c0a83208
1543688302.439462,4811763454999924262,0001080006040001b8ca3aa48bf5c0a8320870f35a4273e8c0a832fd
1543688302.439465,4811763454999924262,0001080006040001b8ca3aa48bf5c0a8320870f35a4273e8c0a832fd
1543688302.441493,4811763454999924262,000108000604000270f35a4273e8c0a832fdb8ca3aa48bf5c0a83208
1543688302.441495,4811763454999924262,000108000604000270f35a4273e8c0a832fdb8ca3aa48bf5c0a83208
1543688331.939138,4811763454999924262,0001080006040001b8ca3aa48bf5c0a8320870f35a4273e8c0a832fd
1543688331.93914,4811763454999924262,0001080006040001b8ca3aa48bf5c0a8320870f35a4273e8c0a832fd
1543688331.941332,4811763454999924262,000108000604000270f35a4273e8c0a832fdb8ca3aa48bf5c0a83208
1543688331.941335,4811763454999924262,000108000604000270f35a4273e8c0a832fdb8ca3aa48bf5c0a83208
1543688382.441355,4811763454999924262,0001080006040001b8ca3aa48bf5c0a8320870f35a4273e8c0a832fd
1543688382.441357,4811763454999924262,0001080006040001b8ca3aa48bf5c0a8320870f35a4273e8c0a832fd
1543688382.443514,4811763454999924262,000108000604000270f35a4273e8c0a832fdb8ca3aa48bf5c0a83208
1543688382.443516,4811763454999924262,000108000604000270f35a4273e8c0a832fdb8ca3aa48bf5c0a83208
1543688410.443438,4811763454999924262,0001080006040001b8ca3aa48bf5c0a8320870f35a4273e8c0a832fd
1543688410.44344,4811763454999924262,0001080006040001b8ca3aa48bf5c0a8320870f35a4273e8c0a832fd
1543688410.445548,4811763454999924262,000108000604000270f35a4273e8c0a832fdb8ca3aa48bf5c0a83208
1543688410.44555,4811763454999924262,000108000604000270f35a4273e8c0a832fdb8ca3aa48bf5c0a83208
1543688442.938324,4811763454999924262,0001080006040001b8ca3aa48bf5c0a8320870f35a4273e8c0a832fd
1543688442.938327,4811763454999924262,0001080006040001b8ca3aa48bf5c0a8320870f35a4273e8c0a832fd
1543688442.94033,4811763454999924262,000108000604000270f35a4273e8c0a832fdb8ca3aa48bf5c0a83208
1543688442.940333,4811763454999924262,000108000604000270f35a4273e8c0a832fdb8ca3aa48bf5c0a83208
1543688470.441207,4811763454999924262,0001080006040001b8ca3aa48bf5c0a8320870f35a4273e8c0a832fd
1543688470.44121,4811763454999924262,0001080006040001b8ca3aa48bf5c0a8320870f35a4273e8c0a832fd
1543688470.443345,4811763454999924262,000108000604000270f35a4273e8c0a832fdb8ca3aa48bf5c0a83208
1543688470.443348,4811763454999924262,000108000604000270f35a4273e8c0a832fdb8ca3aa48bf5c0a83208
1543688521.437744,4811763454999924262,0001080006040001b8ca3aa48bf5c0a8320870f35a4273e8c0a832fd
1543688521.437746,4811763454999924262,0001080006040001b8ca3aa48bf5c0a8320870f35a4273e8c0a832fd
1543688521.439862,4811763454999924262,000108000604000270f35a4273e8c0a832fdb8ca3aa48bf5c0a83208
1543688521.439864,4811763454999924262,000108000604000270f35a4273e8c0a832fdb8ca3aa48bf5c0a83208
1543688563.629951,4811763454999924262,0001080006040001b8ca3a7b9818c0a8320770f35a4273e8c0a832fd
1543688563.629954,4811763454999924262,0001080006040001b8ca3a7b9818c0a8320770f35a4273e8c0a832fd
1543688563.632077,4811763454999924262,000108000604000270f35a4273e8c0a832fdb8ca3a7b9818c0a83207
1543688563.63208,4811763454999924262,000108000604000270f35a4273e8c0a832fdb8ca3a7b9818c0a83207
1543688597.892831,4811763454999924262,0001080006040001b8ca3aa48bf5c0a83208000000000000c0a832fd
1543688597.892838,4811763454999924262,0001080006040001b8ca3aa48bf5c0a83208000000000000c0a832fd
1543688597.892841,4811763454999924262,0001080006040001b8ca3aa48bf5c0a83208000000000000c0a832fd
1543688597.892843,4811763454999924262,0001080006040001b8ca3aa48bf5c0a83208000000000000c0a832fd
1543688597.894916,4811763454999924262,000108000604000270f35a4273e8c0a832fdb8ca3aa48bf5c0a83208
1543688597.894918,4811763454999924262,000108000604000270f35a4273e8c0a832fdb8ca3aa48bf5c0a83208
1543688655.615589,4811763454999924262,0001080006040001b8ca3a7b97d6c0a8320670f35a4273e8c0a832fd
1543688655.615591,4811763454999924262,0001080006040001b8ca3a7b97d6c0a8320670f35a4273e8c0a832fd
1543688655.617704,4811763454999924262,000108000604000270f35a4273e8c0a832fdb8ca3a7b97d6c0a83206
1543688655.617706,4811763454999924262,000108000604000270f35a4273e8c0a832fdb8ca3a7b97d6c0a83206
1543688668.751386,4811763454999924262,0001080006040001b8ca3aa48bf5c0a83208000000000000c0a832fd
1543688668.751393,4811763454999924262,0001080006040001b8ca3aa48bf5c0a83208000000000000c0a832fd
1543688668.751394,4811763454999924262,0001080006040001b8ca3aa48bf5c0a83208000000000000c0a832fd
1543688668.751396,4811763454999924262,0001080006040001b8ca3aa48bf5c0a83208000000000000c0a832fd
1543688668.753318,4811763454999924262,000108000604000270f35a4273e8c0a832fdb8ca3aa48bf5c0a83208
1543688668.75332,4811763454999924262,000108000604000270f35a4273e8c0a832fdb8ca3aa48bf5c0a83208
1543688725.937343,4811763454999924262,0001080006040001b8ca3aa48bf5c0a8320870f35a4273e8c0a832fd
1543688725.937347,4811763454999924262,0001080006040001b8ca3aa48bf5c0a8320870f35a4273e8c0a832fd
1543688725.939475,4811763454999924262,000108000604000270f35a4273e8c0a832fdb8ca3aa48bf5c0a83208
1543688725.939478,4811763454999924262,000108000604000270f35a4273e8c0a832fdb8ca3aa48bf5c0a83208
1543688756.435433,4811763454999924262,0001080006040001b8ca3aa48bf5c0a8320870f35a4273e8c0a832fd
1543688756.435436,4811763454999924262,0001080006040001b8ca3aa48bf5c0a8320870f35a4273e8c0a832fd
1543688756.437419,4811763454999924262,000108000604000270f35a4273e8c0a832fdb8ca3aa48bf5c0a83208
1543688756.437421,4811763454999924262,000108000604000270f35a4273e8c0a832fdb8ca3aa48bf5c0a83208
1543688770.572751,4811763454999924262,000108000604000100a3d166a168c0a832fe70f35a4273e8c0a832fd
1543688770.574913,4811763454999924262,000108000604000270f35a4273e8c0a832fd00a3d166a168c0a832fe
1543688770.574915,4811763454999924262,000108000604000270f35a4273e8c0a832fd00a3d166a168c0a832fe
1543688786.434314,4811763454999924262,0001080006040001b8ca3aa48bf5c0a8320870f35a4273e8c0a832fd
1543688786.434316,4811763454999924262,0001080006040001b8ca3aa48bf5c0a8320870f35a4273e8c0a832fd
1543688786.436438,4811763454999924262,000108000604000270f35a4273e8c0a832fdb8ca3aa48bf5c0a83208
1543688786.43644,4811763454999924262,000108000604000270f35a4273e8c0a832fdb8ca3aa48bf5c0a83208
1543688793.62743,4811763454999924262,0001080006040001b8ca3a7b9818c0a8320770f35a4273e8c0a832fd
1543688793.627433,4811763454999924262,0001080006040001b8ca3a7b9818c0a8320770f35a4273e8c0a832fd
1543688793.629517,4811763454999924262,000108000604000270f35a4273e8c0a832fdb8ca3a7b9818c0a83207
1543688793.629519,4811763454999924262,000108000604000270f35a4273e8c0a832fdb8ca3a7b9818c0a83207
1543688797.619222,4811763454999924262,0001080006040001b8ca3a7b97d6c0a83206000000000000c0a832fd
1543688797.619228,4811763454999924262,0001080006040001b8ca3a7b97d6c0a83206000000000000c0a832fd
1543688797.619229,4811763454999924262,0001080006040001b8ca3a7b97d6c0a83206000000000000c0a832fd
1543688797.61923,4811763454999924262,0001080006040001b8ca3a7b97d6c0a83206000000000000c0a832fd
1543688797.621388,4811763454999924262,000108000604000270f35a4273e8c0a832fdb8ca3a7b97d6c0a83206
1543688797.62139,4811763454999924262,000108000604000270f35a4273e8c0a832fdb8ca3a7b97d6c0a83206
1543688846.434079,4811763454999924262,0001080006040001b8ca3aa48bf5c0a8320870f35a4273e8c0a832fd
1543688846.434082,4811763454999924262,0001080006040001b8ca3aa48bf5c0a8320870f35a4273e8c0a832fd
1543688846.436027,4811763454999924262,000108000604000270f35a4273e8c0a832fdb8ca3aa48bf5c0a83208
1543688846.43603,4811763454999924262,000108000604000270f35a4273e8c0a832fdb8ca3aa48bf5c0a83208
1543688853.142399,4811763454999924262,0001080006040001b8ca3a7b9818c0a8320770f35a4273e8c0a832fd
1543688853.142401,4811763454999924262,0001080006040001b8ca3a7b9818c0a8320770f35a4273e8c0a832fd
1543688853.1445,4811763454999924262,000108000604000270f35a4273e8c0a832fdb8ca3a7b9818c0a83207
1543688853.144502,4811763454999924262,000108000604000270f35a4273e8c0a832fdb8ca3a7b9818c0a83207
1543688856.6231,4811763454999924262,0001080006040001b8ca3a7b97d6c0a8320670f35a4273e8c0a832fd
1543688856.623103,4811763454999924262,0001080006040001b8ca3a7b97d6c0a8320670f35a4273e8c0a832fd
1543688856.625227,4811763454999924262,000108000604000270f35a4273e8c0a832fdb8ca3a7b97d6c0a83206
1543688856.625229,4811763454999924262,000108000604000270f35a4273e8c0a832fdb8ca3a7b97d6c0a83206
1543688877.14218,4811763454999924262,0001080006040001b8ca3a7b9818c0a8320770f35a4273e8c0a832fd
1543688877.142183,4811763454999924262,0001080006040001b8ca3a7b9818c0a8320770f35a4273e8c0a832fd
1543688877.144133,4811763454999924262,000108000604000270f35a4273e8c0a832fdb8ca3a7b9818c0a83207
1543688877.144135,4811763454999924262,000108000604000270f35a4273e8c0a832fdb8ca3a7b9818c0a83207
1543688901.626095,4811763454999924262,0001080006040001b8ca3a7b97d6c0a8320670f35a4273e8c0a832fd
1543688901.626098,4811763454999924262,0001080006040001b8ca3a7b97d6c0a8320670f35a4273e8c0a832fd
1543688901.62827,4811763454999924262,000108000604000270f35a4273e8c0a832fdb8ca3a7b97d6c0a83206
1543688901.628272,4811763454999924262,000108000604000270f35a4273e8c0a832fdb8ca3a7b97d6c0a83206
1543688902.938422,4811763454999924262,0001080006040001b8ca3aa48bf5c0a8320870f35a4273e8c0a832fd
1543688902.938425,4811763454999924262,0001080006040001b8ca3aa48bf5c0a8320870f35a4273e8c0a832fd
1543688902.940795,4811763454999924262,000108000604000270f35a4273e8c0a832fdb8ca3aa48bf5c0a83208
1543688902.940797,4811763454999924262,000108000604000270f35a4273e8c0a832fdb8ca3aa48bf5c0a83208
1543688952.629596,4811763454999924262,0001080006040001b8ca3a7b97d6c0a8320670f35a4273e8c0a832fd
1543688952.629598,4811763454999924262,0001080006040001b8ca3a7b97d6c0a8320670f35a4273e8c0a832fd
1543688952.631488,4811763454999924262,000108000604000270f35a4273e8c0a832fdb8ca3a7b97d6c0a83206
1543688952.63149,4811763454999924262,000108000604000270f35a4273e8c0a832fdb8ca3a7b97d6c0a83206
1543688992.736516,4811763454999924262,0001080006040001b8ca3aa48bf5c0a83208000000000000c0a832fd
1543688992.736524,4811763454999924262,0001080006040001b8ca3aa48bf5c0a83208000000000000c0a832fd
1543688992.736527,4811763454999924262,0001080006040001b8ca3aa48bf5c0a83208000000000000c0a832fd
1543688992.736528,4811763454999924262,0001080006040001b8ca3aa48bf5c0a83208000000000000c0a832fd
1543688992.738699,4811763454999924262,000108000604000270f35a4273e8c0a832fdb8ca3aa48bf5c0a83208
1543688992.738701,4811763454999924262,000108000604000270f35a4273e8c0a832fdb8ca3aa48bf5c0a83208
1543689003.640767,4811763454999924262,0001080006040001b8ca3a7b9818c0a8320770f35a4273e8c0a832fd
1543689003.640769,4811763454999924262,0001080006040001b8ca3a7b9818c0a8320770f35a4273e8c0a832fd
1543689003.642889,4811763454999924262,000108000604000270f35a4273e8c0a832fdb8ca3a7b9818c0a83207
1543689003.642891,4811763454999924262,000108000604000270f35a4273e8c0a832fdb8ca3a7b9818c0a83207
1543689024.930734,4811763454999924262,0001080006040001b8ca3aa48bf5c0a8320870f35a4273e8c0a832fd
1543689024.930736,4811763454999924262,0001080006040001b8ca3aa48bf5c0a8320870f35a4273e8c0a832fd
1543689024.93286,4811763454999924262,000108000604000270f35a4273e8c0a832fdb8ca3aa48bf5c0a83208
1543689024.932863,4811763454999924262,000108000604000270f35a4273e8c0a832fdb8ca3aa48bf5c0a83208
1543689052.433575,4811763454999924262,0001080006040001b8ca3aa48bf5c0a8320870f35a4273e8c0a832fd
1543689052.433578,4811763454999924262,0001080006040001b8ca3aa48bf5c0a8320870f35a4273e8c0a832fd
1543689052.435697,4811763454999924262,000108000604000270f35a4273e8c0a832fdb8ca3aa48bf5c0a83208
1543689052.435699,4811763454999924262,000108000604000270f35a4273e8c0a832fdb8ca3aa48bf5c0a83208
1543689089.936067,4811763454999924262,0001080006040001b8ca3aa48bf5c0a8320870f35a4273e8c0a832fd
1543689089.93607,4811763454999924262,0001080006040001b8ca3aa48bf5c0a8320870f35a4273e8c0a832fd
1543689089.93816,4811763454999924262,000108000604000270f35a4273e8c0a832fdb8ca3aa48bf5c0a83208
1543689089.938162,4811763454999924262,000108000604000270f35a4273e8c0a832fdb8ca3aa48bf5c0a83208
1543689113.641518,4811763454999924262,0001080006040001b8ca3a7b980cc0a83209000000000000c0a832fd
1543689113.641521,4811763454999924262,0001080006040001b8ca3a7b980cc0a83209000000000000c0a832fd
1543689113.643583,4811763454999924262,000108000604000270f35a4273e8c0a832fdb8ca3a7b980cc0a83209
1543689113.643586,4811763454999924262,000108000604000270f35a4273e8c0a832fdb8ca3a7b980cc0a83209
1543689116.939722,4811763454999924262,0001080006040001b8ca3aa48bf5c0a8320870f35a4273e8c0a832fd
1543689116.939724,4811763454999924262,0001080006040001b8ca3aa48bf5c0a8320870f35a4273e8c0a832fd
1543689116.941699,4811763454999924262,000108000604000270f35a4273e8c0a832fdb8ca3aa48bf5c0a83208
1543689116.941702,4811763454999924262,000108000604000270f35a4273e8c0a832fdb8ca3aa48bf5c0a83208
1543689123.221069,4811763454999924262,0001080006040001b8ca3a7b97d6c0a83206000000000000c0a832fd
1543689123.221076,4811763454999924262,0001080006040001b8ca3a7b97d6c0a83206000000000000c0a832fd
1543689123.221077,4811763454999924262,0001080006040001b8ca3a7b97d6c0a83206000000000000c0a832fd
1543689123.221079,4811763454999924262,0001080006040001b8ca3a7b97d6c0a83206000000000000c0a832fd
1543689123.223174,4811763454999924262,000108000604000270f35a4273e8c0a832fdb8ca3a7b97d6c0a83206
1543689123.223177,4811763454999924262,000108000604000270f35a4273e8c0a832fdb8ca3a7b97d6c0a83206
1543689128.127309,4811763454999924262,0001080006040001b8ca3a7b97d6c0a8320670f35a4273e8c0a832fd
1543689128.127312,4811763454999924262,0001080006040001b8ca3a7b97d6c0a8320670f35a4273e8c0a832fd
1543689128.129384,4811763454999924262,000108000604000270f35a4273e8c0a832fdb8ca3a7b97d6c0a83206
1543689128.129386,4811763454999924262,000108000604000270f35a4273e8c0a832fdb8ca3a7b97d6c0a83206
1543689149.93479,4811763454999924262,0001080006040001b8ca3aa48bf5c0a8320870f35a4273e8c0a832fd
1543689149.934792,4811763454999924262,0001080006040001b8ca3aa48bf5c0a8320870f35a4273e8c0a832fd
1543689149.936901,4811763454999924262,000108000604000270f35a4273e8c0a832fdb8ca3aa48bf5c0a83208
1543689149.936903,4811763454999924262,000108000604000270f35a4273e8c0a832fdb8ca3aa48bf5c0a83208
1543689230.430967,4811763454999924262,0001080006040001b8ca3aa48bf5c0a8320870f35a4273e8c0a832fd
1543689230.43097,4811763454999924262,0001080006040001b8ca3aa48bf5c0a8320870f35a4273e8c0a832fd
1543689230.433113,4811763454999924262,000108000604000270f35a4273e8c0a832fdb8ca3aa48bf5c0a83208
1543689230.433115,4811763454999924262,000108000604000270f35a4273e8c0a832fdb8ca3aa48bf5c0a83208
1543689238.636296,4811763454999924262,0001080006040001b8ca3a7b97d6c0a8320670f35a4273e8c0a832fd
1543689238.636299,4811763454999924262,0001080006040001b8ca3a7b97d6c0a8320670f35a4273e8c0a832fd
1543689238.638256,4811763454999924262,000108000604000270f35a4273e8c0a832fdb8ca3a7b97d6c0a83206
1543689238.638259,4811763454999924262,000108000604000270f35a4273e8c0a832fdb8ca3a7b97d6c0a83206
1543689255.923004,4811763454999924262,000108000604000190b11ca2c0d3c0a83201000000000000c0a832fd
1543689255.923006,4811763454999924262,000108000604000190b11ca2c0d3c0a83201000000000000c0a832fd
1543689255.925126,4811763454999924262,000108000604000270f35a4273e8c0a832fd90b11ca2c0d3c0a83201
1543689255.925128,4811763454999924262,000108000604000270f35a4273e8c0a832fd90b11ca2c0d3c0a83201
1543689260.929026,4811763454999924262,0001080006040001b8ca3aa48bf5c0a8320870f35a4273e8c0a832fd
1543689260.929029,4811763454999924262,0001080006040001b8ca3aa48bf5c0a8320870f35a4273e8c0a832fd
1543689260.930912,4811763454999924262,000108000604000270f35a4273e8c0a832fdb8ca3aa48bf5c0a83208
1543689260.930914,4811763454999924262,000108000604000270f35a4273e8c0a832fdb8ca3aa48bf5c0a83208
1543689291.625438,4811763454999924262,0001080006040001b8ca3a7b97d6c0a8320670f35a4273e8c0a832fd
1543689291.62544,4811763454999924262,0001080006040001b8ca3a7b97d6c0a8320670f35a4273e8c0a832fd
1543689291.627466,4811763454999924262,000108000604000270f35a4273e8c0a832fdb8ca3a7b97d6c0a83206
1543689291.627468,4811763454999924262,000108000604000270f35a4273e8c0a832fdb8ca3a7b97d6c0a83206
1543689298.431503,4811763454999924262,0001080006040001b8ca3aa48bf5c0a8320870f35a4273e8c0a832fd
1543689298.431505,4811763454999924262,0001080006040001b8ca3aa48bf5c0a8320870f35a4273e8c0a832fd
1543689298.433727,4811763454999924262,000108000604000270f35a4273e8c0a832fdb8ca3aa48bf5c0a83208
1543689298.43373,4811763454999924262,000108000604000270f35a4273e8c0a832fdb8ca3aa48bf5c0a83208
1543689344.436035,4811763454999924262,0001080006040001b8ca3aa48bf5c0a8320870f35a4273e8c0a832fd
1543689344.436037,4811763454999924262,0001080006040001b8ca3aa48bf5c0a8320870f35a4273e8c0a832fd
1543689344.438019,4811763454999924262,000108000604000270f35a4273e8c0a832fdb8ca3aa48bf5c0a83208
1543689344.438022,4811763454999924262,000108000604000270f35a4273e8c0a832fdb8ca3aa48bf5c0a83208
1543689473.480897,4811763454999924262,0001080006040001b8ca3aa48bf5c0a83208000000000000c0a832fd
1543689473.480905,4811763454999924262,0001080006040001b8ca3aa48bf5c0a83208000000000000c0a832fd
1543689473.480907,4811763454999924262,0001080006040001b8ca3aa48bf5c0a83208000000000000c0a832fd
1543689473.480909,4811763454999924262,0001080006040001b8ca3aa48bf5c0a83208000000000000c0a832fd
1543689473.482924,4811763454999924262,000108000604000270f35a4273e8c0a832fdb8ca3aa48bf5c0a83208
1543689473.482926,4811763454999924262,000108000604000270f35a4273e8c0a832fdb8ca3aa48bf5c0a83208
1543689619.560037,4811763454999924262,0001080006040001b8ca3aa48bf5c0a83208000000000000c0a832fd
1543689619.560045,4811763454999924262,0001080006040001b8ca3aa48bf5c0a83208000000000000c0a832fd
1543689619.560047,4811763454999924262,0001080006040001b8ca3aa48bf5c0a83208000000000000c0a832fd
1543689619.560048,4811763454999924262,0001080006040001b8ca3aa48bf5c0a83208000000000000c0a832fd
1543689619.562067,4811763454999924262,000108000604000270f35a4273e8c0a832fdb8ca3aa48bf5c0a83208
1543689619.562069,4811763454999924262,000108000604000270f35a4273e8c0a832fdb8ca3aa48bf5c0a83208
1543689646.139266,4811763454999924262,0001080006040001b8ca3a7b97d6c0a8320670f35a4273e8c0a832fd
1543689646.139269,4811763454999924262,0001080006040001b8ca3a7b97d6c0a8320670f35a4273e8c0a832fd
1543689646.141232,4811763454999924262,000108000604000270f35a4273e8c0a832fdb8ca3a7b97d6c0a83206
1543689646.141234,4811763454999924262,000108000604000270f35a4273e8c0a832fdb8ca3a7b97d6c0a83206
1543689715.64382,4811763454999924262,0001080006040001b8ca3a7b97d6c0a8320670f35a4273e8c0a832fd
1543689715.643822,4811763454999924262,0001080006040001b8ca3a7b97d6c0a8320670f35a4273e8c0a832fd
1543689715.645937,4811763454999924262,000108000604000270f35a4273e8c0a832fdb8ca3a7b97d6c0a83206
1543689715.645939,4811763454999924262,000108000604000270f35a4273e8c0a832fdb8ca3a7b97d6c0a83206
1543689722.156415,4811763454999924262,0001080006040001b8ca3aa48bf5c0a83208000000000000c0a832fd
1543689722.156421,4811763454999924262,0001080006040001b8ca3aa48bf5c0a83208000000000000c0a832fd
1543689722.156422,4811763454999924262,0001080006040001b8ca3aa48bf5c0a83208000000000000c0a832fd
1543689722.156424,4811763454999924262,0001080006040001b8ca3aa48bf5c0a83208000000000000c0a832fd
1543689722.158475,4811763454999924262,000108000604000270f35a4273e8c0a832fdb8ca3aa48bf5c0a83208
1543689722.158477,4811763454999924262,000108000604000270f35a4273e8c0a832fdb8ca3aa48bf5c0a83208
1543689757.43542,4811763454999924262,0001080006040001b8ca3aa48bf5c0a8320870f35a4273e8c0a832fd
1543689757.435422,4811763454999924262,0001080006040001b8ca3aa48bf5c0a8320870f35a4273e8c0a832fd
1543689757.437534,4811763454999924262,000108000604000270f35a4273e8c0a832fdb8ca3aa48bf5c0a83208
1543689757.437537,4811763454999924262,000108000604000270f35a4273e8c0a832fdb8ca3aa48bf5c0a83208
1543689773.647598,4811763454999924262,0001080006040001b8ca3a7b97d6c0a8320670f35a4273e8c0a832fd
1543689773.6476,4811763454999924262,0001080006040001b8ca3a7b97d6c0a8320670f35a4273e8c0a832fd
1543689773.649726,4811763454999924262,000108000604000270f35a4273e8c0a832fdb8ca3a7b97d6c0a83206
1543689773.649729,4811763454999924262,000108000604000270f35a4273e8c0a832fdb8ca3a7b97d6c0a83206
1543689803.633943,4811763454999924262,0001080006040001b8ca3a7b97d6c0a8320670f35a4273e8c0a832fd
1543689803.633946,4811763454999924262,0001080006040001b8ca3a7b97d6c0a8320670f35a4273e8c0a832fd
1543689803.635949,4811763454999924262,000108000604000270f35a4273e8c0a832fdb8ca3a7b97d6c0a83206
1543689803.635952,4811763454999924262,000108000604000270f35a4273e8c0a832fdb8ca3a7b97d6c0a83206
1543689809.929504,4811763454999924262,0001080006040001b8ca3aa48bf5c0a8320870f35a4273e8c0a832fd
1543689809.929507,4811763454999924262,0001080006040001b8ca3aa48bf5c0a8320870f35a4273e8c0a832fd
1543689809.931529,4811763454999924262,000108000604000270f35a4273e8c0a832fdb8ca3aa48bf5c0a83208
1543689809.931531,4811763454999924262,000108000604000270f35a4273e8c0a832fdb8ca3aa48bf5c0a83208
1543689827.156668,4811763454999924262,0001080006040001b8ca3a7b9818c0a8320770f35a4273e8c0a832fd
1543689827.15667,4811763454999924262,0001080006040001b8ca3a7b9818c0a8320770f35a4273e8c0a832fd
1543689827.1588,4811763454999924262,000108000604000270f35a4273e8c0a832fdb8ca3a7b9818c0a83207
1543689827.158802,4811763454999924262,000108000604000270f35a4273e8c0a832fdb8ca3a7b9818c0a83207
1543689836.93317,4811763454999924262,0001080006040001b8ca3aa48bf5c0a8320870f35a4273e8c0a832fd
1543689836.933172,4811763454999924262,0001080006040001b8ca3aa48bf5c0a8320870f35a4273e8c0a832fd
1543689836.935251,4811763454999924262,000108000604000270f35a4273e8c0a832fdb8ca3aa48bf5c0a83208
1543689836.935253,4811763454999924262,000108000604000270f35a4273e8c0a832fdb8ca3aa48bf5c0a83208
1543689847.142716,4811763454999924262,0001080006040001b8ca3a7b97d6c0a8320670f35a4273e8c0a832fd
1543689847.142718,4811763454999924262,0001080006040001b8ca3a7b97d6c0a8320670f35a4273e8c0a832fd
1543689847.144669,4811763454999924262,000108000604000270f35a4273e8c0a832fdb8ca3a7b97d6c0a83206
1543689847.144671,4811763454999924262,000108000604000270f35a4273e8c0a832fdb8ca3a7b97d6c0a83206
1543689866.932079,4811763454999924262,0001080006040001b8ca3aa48bf5c0a8320870f35a4273e8c0a832fd
1543689866.932081,4811763454999924262,0001080006040001b8ca3aa48bf5c0a8320870f35a4273e8c0a832fd
1543689866.933963,4811763454999924262,000108000604000270f35a4273e8c0a832fdb8ca3aa48bf5c0a83208
1543689866.933965,4811763454999924262,000108000604000270f35a4273e8c0a832fdb8ca3aa48bf5c0a83208
1543689881.656048,4811763454999924262,0001080006040001b8ca3a7b9818c0a8320770f35a4273e8c0a832fd
1543689881.656051,4811763454999924262,0001080006040001b8ca3a7b9818c0a8320770f35a4273e8c0a832fd
1543689881.658215,4811763454999924262,000108000604000270f35a4273e8c0a832fdb8ca3a7b9818c0a83207
1543689881.658218,4811763454999924262,000108000604000270f35a4273e8c0a832fdb8ca3a7b9818c0a83207
1543689897.430124,4811763454999924262,0001080006040001b8ca3aa48bf5c0a8320870f35a4273e8c0a832fd
1543689897.430126,4811763454999924262,0001080006040001b8ca3aa48bf5c0a8320870f35a4273e8c0a832fd
1543689897.432211,4811763454999924262,000108000604000270f35a4273e8c0a832fdb8ca3aa48bf5c0a83208
1543689897.432213,4811763454999924262,000108000604000270f35a4273e8c0a832fdb8ca3aa48bf5c0a83208
1543689915.655687,4811763454999924262,0001080006040001b8ca3a7b9818c0a8320770f35a4273e8c0a832fd
1543689915.65569,4811763454999924262,0001080006040001b8ca3a7b9818c0a8320770f35a4273e8c0a832fd
1543689915.657662,4811763454999924262,000108000604000270f35a4273e8c0a832fdb8ca3a7b9818c0a83207
1543689915.657664,4811763454999924262,000108000604000270f35a4273e8c0a832fdb8ca3a7b9818c0a83207
1543689928.344742,4811763454999924262,0001080006040001b8ca3a7b97d6c0a83206000000000000c0a832fd
1543689928.344748,4811763454999924262,0001080006040001b8ca3a7b97d6c0a83206000000000000c0a832fd
1543689928.34475,4811763454999924262,0001080006040001b8ca3a7b97d6c0a83206000000000000c0a832fd
1543689928.344751,4811763454999924262,0001080006040001b8ca3a7b97d6c0a83206000000000000c0a832fd
1543689928.346868,4811763454999924262,000108000604000270f35a4273e8c0a832fdb8ca3a7b97d6c0a83206
1543689928.34687,4811763454999924262,000108000604000270f35a4273e8c0a832fdb8ca3a7b97d6c0a83206
1543690022.756364,4811763454999924262,0001080006040001b8ca3aa48bf5c0a83208000000000000c0a832fd
1543690022.756372,4811763454999924262,0001080006040001b8ca3aa48bf5c0a83208000000000000c0a832fd
1543690022.756373,4811763454999924262,0001080006040001b8ca3aa48bf5c0a83208000000000000c0a832fd
1543690022.756374,4811763454999924262,0001080006040001b8ca3aa48bf5c0a83208000000000000c0a832fd
1543690022.758443,4811763454999924262,000108000604000270f35a4273e8c0a832fdb8ca3aa48bf5c0a83208
1543690022.758445,4811763454999924262,000108000604000270f35a4273e8c0a832fdb8ca3aa48bf5c0a83208
1543690048.144744,4811763454999924262,0001080006040001b8ca3a7b97d6c0a8320670f35a4273e8c0a832fd
1543690048.144746,4811763454999924262,0001080006040001b8ca3a7b97d6c0a8320670f35a4273e8c0a832fd
1543690048.146767,4811763454999924262,000108000604000270f35a4273e8c0a832fdb8ca3a7b97d6c0a83206
1543690048.146769,4811763454999924262,000108000604000270f35a4273e8c0a832fdb8ca3a7b97d6c0a83206
1543690055.942116,4811763454999924262,0001080006040001b8ca3aa48bf5c0a8320870f35a4273e8c0a832fd
1543690055.942119,4811763454999924262,0001080006040001b8ca3aa48bf5c0a8320870f35a4273e8c0a832fd
1543690055.944235,4811763454999924262,000108000604000270f35a4273e8c0a832fdb8ca3aa48bf5c0a83208
1543690055.944238,4811763454999924262,000108000604000270f35a4273e8c0a832fdb8ca3aa48bf5c0a83208
1543690071.795051,4811763454999924262,000108000604000190b11ca2c0d3c0a83201000000000000c0a832fd
1543690071.795054,4811763454999924262,000108000604000190b11ca2c0d3c0a83201000000000000c0a832fd
1543690071.796924,4811763454999924262,000108000604000270f35a4273e8c0a832fd90b11ca2c0d3c0a83201
1543690071.796927,4811763454999924262,000108000604000270f35a4273e8c0a832fd90b11ca2c0d3c0a83201
1543690084.647155,4811763454999924262,0001080006040001b8ca3a7b97d6c0a8320670f35a4273e8c0a832fd
1543690084.647157,4811763454999924262,0001080006040001b8ca3a7b97d6c0a8320670f35a4273e8c0a832fd
1543690084.649096,4811763454999924262,000108000604000270f35a4273e8c0a832fdb8ca3a7b97d6c0a83206
1543690084.649099,4811763454999924262,000108000604000270f35a4273e8c0a832fdb8ca3a7b97d6c0a83206
1543690113.169177,4811763454999924262,0001080006040001b8ca3a7b9818c0a8320770f35a4273e8c0a832fd
1543690113.16918,4811763454999924262,0001080006040001b8ca3a7b9818c0a8320770f35a4273e8c0a832fd
1543690113.171292,4811763454999924262,000108000604000270f35a4273e8c0a832fdb8ca3a7b9818c0a83207
1543690113.171294,4811763454999924262,000108000604000270f35a4273e8c0a832fdb8ca3a7b9818c0a83207
1543690126.786056,4811763454999924262,0001080006040001b8ca3aa48bf5c0a83208000000000000c0a832fd
1543690126.786077,4811763454999924262,0001080006040001b8ca3aa48bf5c0a83208000000000000c0a832fd
1543690126.786079,4811763454999924262,0001080006040001b8ca3aa48bf5c0a83208000000000000c0a832fd
1543690126.78608,4811763454999924262,0001080006040001b8ca3aa48bf5c0a83208000000000000c0a832fd
1543690126.787915,4811763454999924262,000108000604000270f35a4273e8c0a832fdb8ca3aa48bf5c0a83208
1543690126.787917,4811763454999924262,000108000604000270f35a4273e8c0a832fdb8ca3aa48bf5c0a83208
1543690171.944999,4811763454999924262,0001080006040001b8ca3aa48bf5c0a8320870f35a4273e8c0a832fd
1543690171.945001,4811763454999924262,0001080006040001b8ca3aa48bf5c0a8320870f35a4273e8c0a832fd
1543690171.947114,4811763454999924262,000108000604000270f35a4273e8c0a832fdb8ca3aa48bf5c0a83208
1543690171.947117,4811763454999924262,000108000604000270f35a4273e8c0a832fdb8ca3aa48bf5c0a83208
1543690201.943917,4811763454999924262,0001080006040001b8ca3aa48bf5c0a8320870f35a4273e8c0a832fd
1543690201.943919,4811763454999924262,0001080006040001b8ca3aa48bf5c0a8320870f35a4273e8c0a832fd
1543690201.945822,4811763454999924262,000108000604000270f35a4273e8c0a832fdb8ca3aa48bf5c0a83208
1543690201.945824,4811763454999924262,000108000604000270f35a4273e8c0a832fdb8ca3aa48bf5c0a83208
1543690232.44194,4811763454999924262,0001080006040001b8ca3aa48bf5c0a8320870f35a4273e8c0a832fd
1543690232.441942,4811763454999924262,0001080006040001b8ca3aa48bf5c0a8320870f35a4273e8c0a832fd
1543690232.444088,4811763454999924262,000108000604000270f35a4273e8c0a832fdb8ca3aa48bf5c0a83208
1543690232.44409,4811763454999924262,000108000604000270f35a4273e8c0a832fdb8ca3aa48bf5c0a83208
1543690249.142343,4811763454999924262,0001080006040001b8ca3a7b97d6c0a8320670f35a4273e8c0a832fd
1543690249.142346,4811763454999924262,0001080006040001b8ca3a7b97d6c0a8320670f35a4273e8c0a832fd
1543690249.144408,4811763454999924262,000108000604000270f35a4273e8c0a832fdb8ca3a7b97d6c0a83206
1543690249.144411,4811763454999924262,000108000604000270f35a4273e8c0a832fdb8ca3a7b97d6c0a83206
1543690297.97809,4811763454999924262,0001080006040001b8ca3aa48bf5c0a83208000000000000c0a832fd
1543690297.978096,4811763454999924262,0001080006040001b8ca3aa48bf5c0a83208000000000000c0a832fd
1543690297.978098,4811763454999924262,0001080006040001b8ca3aa48bf5c0a83208000000000000c0a832fd
1543690297.9781,4811763454999924262,0001080006040001b8ca3aa48bf5c0a83208000000000000c0a832fd
1543690297.980151,4811763454999924262,000108000604000270f35a4273e8c0a832fdb8ca3aa48bf5c0a83208
1543690297.980153,4811763454999924262,000108000604000270f35a4273e8c0a832fdb8ca3aa48bf5c0a83208
1543690330.441432,4811763454999924262,0001080006040001b8ca3aa48bf5c0a8320870f35a4273e8c0a832fd
1543690330.441434,4811763454999924262,0001080006040001b8ca3aa48bf5c0a8320870f35a4273e8c0a832fd
1543690330.443511,4811763454999924262,000108000604000270f35a4273e8c0a832fdb8ca3aa48bf5c0a83208
1543690330.443514,4811763454999924262,000108000604000270f35a4273e8c0a832fdb8ca3aa48bf5c0a83208
1543690343.663059,4811763454999924262,0001080006040001b8ca3a7b9818c0a8320770f35a4273e8c0a832fd
1543690343.663061,4811763454999924262,0001080006040001b8ca3a7b9818c0a8320770f35a4273e8c0a832fd
1543690343.665204,4811763454999924262,000108000604000270f35a4273e8c0a832fdb8ca3a7b9818c0a83207
1543690343.665206,4811763454999924262,000108000604000270f35a4273e8c0a832fdb8ca3a7b9818c0a83207
1543690355.654176,4811763454999924262,0001080006040001b8ca3a7b97d6c0a8320670f35a4273e8c0a832fd
1543690355.654178,4811763454999924262,0001080006040001b8ca3a7b97d6c0a8320670f35a4273e8c0a832fd
1543690355.656304,4811763454999924262,000108000604000270f35a4273e8c0a832fdb8ca3a7b97d6c0a83206
1543690355.656307,4811763454999924262,000108000604000270f35a4273e8c0a832fdb8ca3a7b97d6c0a83206
1543690371.43829,4811763454999924262,0001080006040001b8ca3aa48bf5c0a8320870f35a4273e8c0a832fd
1543690371.438293,4811763454999924262,0001080006040001b8ca3aa48bf5c0a8320870f35a4273e8c0a832fd
1543690371.440434,4811763454999924262,000108000604000270f35a4273e8c0a832fdb8ca3aa48bf5c0a83208
1543690371.440436,4811763454999924262,000108000604000270f35a4273e8c0a832fdb8ca3aa48bf5c0a83208
1543690416.892865,4811763454999924262,0001080006040001b8ca3a7b97d6c0a83206000000000000c0a832fd
1543690416.892871,4811763454999924262,0001080006040001b8ca3a7b97d6c0a83206000000000000c0a832fd
1543690416.892872,4811763454999924262,0001080006040001b8ca3a7b97d6c0a83206000000000000c0a832fd
1543690416.892873,4811763454999924262,0001080006040001b8ca3a7b97d6c0a83206000000000000c0a832fd
1543690416.894911,4811763454999924262,000108000604000270f35a4273e8c0a832fdb8ca3a7b97d6c0a83206
1543690416.894913,4811763454999924262,000108000604000270f35a4273e8c0a832fdb8ca3a7b97d6c0a83206
1543690422.158572,4811763454999924262,0001080006040001b8ca3a7b97d6c0a8320670f35a4273e8c0a832fd
1543690422.158575,4811763454999924262,0001080006040001b8ca3a7b97d6c0a8320670f35a4273e8c0a832fd
1543690422.160696,4811763454999924262,000108000604000270f35a4273e8c0a832fdb8ca3a7b97d6c0a83206
1543690422.160698,4811763454999924262,000108000604000270f35a4273e8c0a832fdb8ca3a7b97d6c0a83206
1543690432.434506,4811763454999924262,0001080006040001b8ca3aa48bf5c0a8320870f35a4273e8c0a832fd
1543690432.434509,4811763454999924262,0001080006040001b8ca3aa48bf5c0a8320870f35a4273e8c0a832fd
1543690432.436579,4811763454999924262,000108000604000270f35a4273e8c0a832fdb8ca3aa48bf5c0a83208
1543690432.436582,4811763454999924262,000108000604000270f35a4273e8c0a832fdb8ca3aa48bf5c0a83208
1543690450.151711,4811763454999924262,0001080006040001b8ca3a7b97d6c0a8320670f35a4273e8c0a832fd
1543690450.151713,4811763454999924262,0001080006040001b8ca3a7b97d6c0a8320670f35a4273e8c0a832fd
1543690450.153866,4811763454999924262,000108000604000270f35a4273e8c0a832fdb8ca3a7b97d6c0a83206
1543690450.153868,4811763454999924262,000108000604000270f35a4273e8c0a832fdb8ca3a7b97d6c0a83206
1543690464.43018,4811763454999924262,0001080006040001b8ca3aa48bf5c0a8320870f35a4273e8c0a832fd
1543690464.430183,4811763454999924262,0001080006040001b8ca3aa48bf5c0a8320870f35a4273e8c0a832fd
1543690464.432266,4811763454999924262,000108000604000270f35a4273e8c0a832fdb8ca3aa48bf5c0a83208
1543690464.432268,4811763454999924262,000108000604000270f35a4273e8c0a832fdb8ca3aa48bf5c0a83208
1543690473.669085,4811763454999924262,0001080006040001b8ca3a7b9818c0a8320770f35a4273e8c0a832fd
1543690473.669088,4811763454999924262,0001080006040001b8ca3a7b9818c0a8320770f35a4273e8c0a832fd
1543690473.671057,4811763454999924262,000108000604000270f35a4273e8c0a832fdb8ca3a7b9818c0a83207
1543690473.67106,4811763454999924262,000108000604000270f35a4273e8c0a832fdb8ca3a7b9818c0a83207
1543690521.668633,4811763454999924262,0001080006040001b8ca3a7b9818c0a8320770f35a4273e8c0a832fd
1543690521.668635,4811763454999924262,0001080006040001b8ca3a7b9818c0a8320770f35a4273e8c0a832fd
1543690521.67051,4811763454999924262,000108000604000270f35a4273e8c0a832fdb8ca3a7b9818c0a83207
1543690521.670512,4811763454999924262,000108000604000270f35a4273e8c0a832fdb8ca3a7b9818c0a83207
1543690527.438703,4811763454999924262,0001080006040001b8ca3aa48bf5c0a8320870f35a4273e8c0a832fd
1543690527.438705,4811763454999924262,0001080006040001b8ca3aa48bf5c0a8320870f35a4273e8c0a832fd
1543690527.440783,4811763454999924262,000108000604000270f35a4273e8c0a832fdb8ca3aa48bf5c0a83208
1543690527.440786,4811763454999924262,000108000604000270f35a4273e8c0a832fdb8ca3aa48bf5c0a83208
1543690567.438187,4811763454999924262,0001080006040001b8ca3aa48bf5c0a8320870f35a4273e8c0a832fd
1543690567.438189,4811763454999924262,0001080006040001b8ca3aa48bf5c0a8320870f35a4273e8c0a832fd
1543690567.440264,4811763454999924262,000108000604000270f35a4273e8c0a832fdb8ca3aa48bf5c0a83208
1543690567.440266,4811763454999924262,000108000604000270f35a4273e8c0a832fdb8ca3aa48bf5c0a83208
1543690595.939476,4811763454999924262,0001080006040001b8ca3aa48bf5c0a8320870f35a4273e8c0a832fd
1543690595.939479,4811763454999924262,0001080006040001b8ca3aa48bf5c0a8320870f35a4273e8c0a832fd
1543690595.941592,4811763454999924262,000108000604000270f35a4273e8c0a832fdb8ca3aa48bf5c0a83208
1543690595.941595,4811763454999924262,000108000604000270f35a4273e8c0a832fdb8ca3aa48bf5c0a83208
1543690627.935129,4811763454999924262,0001080006040001b8ca3aa48bf5c0a8320870f35a4273e8c0a832fd
1543690627.935132,4811763454999924262,0001080006040001b8ca3aa48bf5c0a8320870f35a4273e8c0a832fd
1543690627.93725,4811763454999924262,000108000604000270f35a4273e8c0a832fdb8ca3aa48bf5c0a83208
1543690627.937253,4811763454999924262,000108000604000270f35a4273e8c0a832fdb8ca3aa48bf5c0a83208
1543690655.438011,4811763454999924262,0001080006040001b8ca3aa48bf5c0a8320870f35a4273e8c0a832fd
1543690655.438013,4811763454999924262,0001080006040001b8ca3aa48bf5c0a8320870f35a4273e8c0a832fd
1543690655.440266,4811763454999924262,000108000604000270f35a4273e8c0a832fdb8ca3aa48bf5c0a83208
1543690655.440269,4811763454999924262,000108000604000270f35a4273e8c0a832fdb8ca3aa48bf5c0a83208
1543690689.793798,4811763454999924262,000108000604000100a3d166a168c0a832feb8ca3a7b9818c0a83207
1543690689.793987,4811763454999924262,0001080006040002b8ca3a7b9818c0a8320700a3d166a168c0a832fe
1543690689.793989,4811763454999924262,0001080006040002b8ca3a7b9818c0a8320700a3d166a168c0a832fe
1543690708.431348,4811763454999924262,0001080006040001b8ca3aa48bf5c0a8320870f35a4273e8c0a832fd
1543690708.43135,4811763454999924262,0001080006040001b8ca3aa48bf5c0a8320870f35a4273e8c0a832fd
1543690708.433466,4811763454999924262,000108000604000270f35a4273e8c0a832fdb8ca3aa48bf5c0a83208
1543690708.433469,4811763454999924262,000108000604000270f35a4273e8c0a832fdb8ca3aa48bf5c0a83208
1543690744.436238,4811763454999924262,0001080006040001b8ca3aa48bf5c0a8320870f35a4273e8c0a832fd
1543690744.436241,4811763454999924262,0001080006040001b8ca3aa48bf5c0a8320870f35a4273e8c0a832fd
1543690744.438422,4811763454999924262,000108000604000270f35a4273e8c0a832fdb8ca3aa48bf5c0a83208
1543690744.438425,4811763454999924262,000108000604000270f35a4273e8c0a832fdb8ca3aa48bf5c0a83208
1543690777.430308,4811763454999924262,0001080006040001b8ca3aa48bf5c0a8320870f35a4273e8c0a832fd
1543690777.43031,4811763454999924262,0001080006040001b8ca3aa48bf5c0a8320870f35a4273e8c0a832fd
1543690777.432389,4811763454999924262,000108000604000270f35a4273e8c0a832fdb8ca3aa48bf5c0a83208
1543690777.432392,4811763454999924262,000108000604000270f35a4273e8c0a832fdb8ca3aa48bf5c0a83208
1543690838.442073,4811763454999924262,0001080006040001b8ca3aa48bf5c0a8320870f35a4273e8c0a832fd
1543690838.442076,4811763454999924262,0001080006040001b8ca3aa48bf5c0a8320870f35a4273e8c0a832fd
1543690838.444237,4811763454999924262,000108000604000270f35a4273e8c0a832fdb8ca3aa48bf5c0a83208
1543690838.444239,4811763454999924262,000108000604000270f35a4273e8c0a832fdb8ca3aa48bf5c0a83208
1543690897.443431,4811763454999924262,0001080006040001b8ca3aa48bf5c0a8320870f35a4273e8c0a832fd
1543690897.443434,4811763454999924262,0001080006040001b8ca3aa48bf5c0a8320870f35a4273e8c0a832fd
1543690897.445601,4811763454999924262,000108000604000270f35a4273e8c0a832fdb8ca3aa48bf5c0a83208
1543690897.445603,4811763454999924262,000108000604000270f35a4273e8c0a832fdb8ca3aa48bf5c0a83208
1543690924.660414,4811763454999924262,0001080006040001b8ca3a7b97d6c0a8320670f35a4273e8c0a832fd
1543690924.660416,4811763454999924262,0001080006040001b8ca3a7b97d6c0a8320670f35a4273e8c0a832fd
1543690924.662241,4811763454999924262,000108000604000270f35a4273e8c0a832fdb8ca3a7b97d6c0a83206
1543690924.662243,4811763454999924262,000108000604000270f35a4273e8c0a832fdb8ca3a7b97d6c0a83206
1543690927.941506,4811763454999924262,0001080006040001b8ca3aa48bf5c0a8320870f35a4273e8c0a832fd
1543690927.941508,4811763454999924262,0001080006040001b8ca3aa48bf5c0a8320870f35a4273e8c0a832fd
1543690927.943641,4811763454999924262,000108000604000270f35a4273e8c0a832fdb8ca3aa48bf5c0a83208
1543690927.943643,4811763454999924262,000108000604000270f35a4273e8c0a832fdb8ca3aa48bf5c0a83208
1543691032.4306,4811763454999924262,0001080006040001b8ca3aa48bf5c0a8320870f35a4273e8c0a832fd
1543691032.430602,4811763454999924262,0001080006040001b8ca3aa48bf5c0a8320870f35a4273e8c0a832fd
1543691032.432458,4811763454999924262,000108000604000270f35a4273e8c0a832fdb8ca3aa48bf5c0a83208
1543691032.43246,4811763454999924262,000108000604000270f35a4273e8c0a832fdb8ca3aa48bf5c0a83208
1543691076.65035,4811763454999924262,0001080006040001b8ca3a7b980cc0a83209000000000000c0a832fe
1543691076.650353,4811763454999924262,0001080006040001b8ca3a7b980cc0a83209000000000000c0a832fe
1543691076.651439,4811763454999924262,000108000604000200a3d166a168c0a832feb8ca3a7b980cc0a83209
1543691149.385975,4811763454999924262,0001080006040001b8ca3aa48bf5c0a83208000000000000c0a832fd
1543691149.385984,4811763454999924262,0001080006040001b8ca3aa48bf5c0a83208000000000000c0a832fd
1543691149.385985,4811763454999924262,0001080006040001b8ca3aa48bf5c0a83208000000000000c0a832fd
1543691149.385986,4811763454999924262,0001080006040001b8ca3aa48bf5c0a83208000000000000c0a832fd
1543691149.388101,4811763454999924262,000108000604000270f35a4273e8c0a832fdb8ca3aa48bf5c0a83208
1543691149.388103,4811763454999924262,000108000604000270f35a4273e8c0a832fdb8ca3aa48bf5c0a83208
1543691161.898198,4811763454999924262,0001080006040001b8ca3a7b980cc0a83209000000000000c0a832fd
1543691161.8982,4811763454999924262,0001080006040001b8ca3a7b980cc0a83209000000000000c0a832fd
1543691161.900277,4811763454999924262,000108000604000270f35a4273e8c0a832fdb8ca3a7b980cc0a83209
1543691161.900279,4811763454999924262,000108000604000270f35a4273e8c0a832fdb8ca3a7b980cc0a83209
1543691182.440201,4811763454999924262,0001080006040001b8ca3aa48bf5c0a8320870f35a4273e8c0a832fd
1543691182.440203,4811763454999924262,0001080006040001b8ca3aa48bf5c0a8320870f35a4273e8c0a832fd
1543691182.442373,4811763454999924262,000108000604000270f35a4273e8c0a832fdb8ca3aa48bf5c0a83208
1543691182.442375,4811763454999924262,000108000604000270f35a4273e8c0a832fdb8ca3aa48bf5c0a83208
1543691183.346874,4811763454999924262,0001080006040001b8ca3a7b97d6c0a83206000000000000c0a832fd
1543691183.346883,4811763454999924262,0001080006040001b8ca3a7b97d6c0a83206000000000000c0a832fd
1543691183.346884,4811763454999924262,0001080006040001b8ca3a7b97d6c0a83206000000000000c0a832fd
1543691183.346885,4811763454999924262,0001080006040001b8ca3a7b97d6c0a83206000000000000c0a832fd
1543691183.348963,4811763454999924262,000108000604000270f35a4273e8c0a832fdb8ca3a7b97d6c0a83206
1543691183.348965,4811763454999924262,000108000604000270f35a4273e8c0a832fdb8ca3a7b97d6c0a83206
1543691197.158809,4811763454999924262,0001080006040001b8ca3a7b97d6c0a8320670f35a4273e8c0a832fd
1543691197.158811,4811763454999924262,0001080006040001b8ca3a7b97d6c0a8320670f35a4273e8c0a832fd
1543691197.160947,4811763454999924262,000108000604000270f35a4273e8c0a832fdb8ca3a7b97d6c0a83206
1543691197.160949,4811763454999924262,000108000604000270f35a4273e8c0a832fdb8ca3a7b97d6c0a83206
1543691261.175707,4811763454999924262,0001080006040001b8ca3aa48bf5c0a83208000000000000c0a832fd
1543691261.175714,4811763454999924262,0001080006040001b8ca3aa48bf5c0a83208000000000000c0a832fd
1543691261.175716,4811763454999924262,0001080006040001b8ca3aa48bf5c0a83208000000000000c0a832fd
1543691261.175717,4811763454999924262,0001080006040001b8ca3aa48bf5c0a83208000000000000c0a832fd
1543691261.177809,4811763454999924262,000108000604000270f35a4273e8c0a832fdb8ca3aa48bf5c0a83208
1543691261.177811,4811763454999924262,000108000604000270f35a4273e8c0a832fdb8ca3aa48bf5c0a83208
1543691296.443764,4811763454999924262,0001080006040001b8ca3aa48bf5c0a8320870f35a4273e8c0a832fd
1543691296.443767,4811763454999924262,0001080006040001b8ca3aa48bf5c0a8320870f35a4273e8c0a832fd
1543691296.445827,4811763454999924262,000108000604000270f35a4273e8c0a832fdb8ca3aa48bf5c0a83208
1543691296.44583,4811763454999924262,000108000604000270f35a4273e8c0a832fdb8ca3aa48bf5c0a83208
1543691321.559631,4811763454999924262,0001080006040001b8ca3a7b97d6c0a83206000000000000c0a832fd
1543691321.559638,4811763454999924262,0001080006040001b8ca3a7b97d6c0a83206000000000000c0a832fd
1543691321.559639,4811763454999924262,0001080006040001b8ca3a7b97d6c0a83206000000000000c0a832fd
1543691321.55964,4811763454999924262,0001080006040001b8ca3a7b97d6c0a83206000000000000c0a832fd
1543691321.561711,4811763454999924262,000108000604000270f35a4273e8c0a832fdb8ca3a7b97d6c0a83206
1543691321.561714,4811763454999924262,000108000604000270f35a4273e8c0a832fdb8ca3a7b97d6c0a83206
1543691325.943377,4811763454999924262,0001080006040001b8ca3aa48bf5c0a8320870f35a4273e8c0a832fd
1543691325.94338,4811763454999924262,0001080006040001b8ca3aa48bf5c0a8320870f35a4273e8c0a832fd
1543691325.945457,4811763454999924262,000108000604000270f35a4273e8c0a832fdb8ca3aa48bf5c0a83208
1543691325.945459,4811763454999924262,000108000604000270f35a4273e8c0a832fdb8ca3aa48bf5c0a83208
1543691356.441424,4811763454999924262,0001080006040001b8ca3aa48bf5c0a8320870f35a4273e8c0a832fd
1543691356.441427,4811763454999924262,0001080006040001b8ca3aa48bf5c0a8320870f35a4273e8c0a832fd
1543691356.443568,4811763454999924262,000108000604000270f35a4273e8c0a832fdb8ca3aa48bf5c0a83208
1543691356.44357,4811763454999924262,000108000604000270f35a4273e8c0a832fdb8ca3aa48bf5c0a83208
1543691373.693496,4811763454999924262,0001080006040001b8ca3a7b9818c0a8320770f35a4273e8c0a832fd
1543691373.693498,4811763454999924262,0001080006040001b8ca3a7b9818c0a8320770f35a4273e8c0a832fd
1543691373.695637,4811763454999924262,000108000604000270f35a4273e8c0a832fdb8ca3a7b9818c0a83207
1543691373.695639,4811763454999924262,000108000604000270f35a4273e8c0a832fdb8ca3a7b9818c0a83207
1543691383.44509,4811763454999924262,0001080006040001b8ca3aa48bf5c0a8320870f35a4273e8c0a832fd
1543691383.445092,4811763454999924262,0001080006040001b8ca3aa48bf5c0a8320870f35a4273e8c0a832fd
1543691383.447277,4811763454999924262,000108000604000270f35a4273e8c0a832fdb8ca3aa48bf5c0a83208
1543691383.44728,4811763454999924262,000108000604000270f35a4273e8c0a832fdb8ca3aa48bf5c0a83208
1543691417.437515,4811763454999924262,0001080006040001b8ca3aa48bf5c0a8320870f35a4273e8c0a832fd
1543691417.437518,4811763454999924262,0001080006040001b8ca3aa48bf5c0a8320870f35a4273e8c0a832fd
1543691417.439496,4811763454999924262,000108000604000270f35a4273e8c0a832fdb8ca3aa48bf5c0a83208
1543691417.439498,4811763454999924262,000108000604000270f35a4273e8c0a832fdb8ca3aa48bf5c0a83208
1543691441.430344,4811763454999924262,0001080006040001b8ca3aa48bf5c0a8320870f35a4273e8c0a832fd
1543691441.430348,4811763454999924262,0001080006040001b8ca3aa48bf5c0a8320870f35a4273e8c0a832fd
1543691441.432331,4811763454999924262,000108000604000270f35a4273e8c0a832fdb8ca3aa48bf5c0a83208
1543691441.432333,4811763454999924262,000108000604000270f35a4273e8c0a832fdb8ca3aa48bf5c0a83208
1543691553.698775,4811763454999924262,0001080006040001b8ca3a7b9818c0a8320770f35a4273e8c0a832fd
1543691553.698778,4811763454999924262,0001080006040001b8ca3a7b9818c0a8320770f35a4273e8c0a832fd
1543691553.700864,4811763454999924262,000108000604000270f35a4273e8c0a832fdb8ca3a7b9818c0a83207
1543691553.700866,4811763454999924262,000108000604000270f35a4273e8c0a832fdb8ca3a7b9818c0a83207
1543691561.371351,4811763454999924262,0001080006040001b8ca3aa48bf5c0a83208000000000000c0a832fd
1543691561.371361,4811763454999924262,0001080006040001b8ca3aa48bf5c0a83208000000000000c0a832fd
1543691561.371363,4811763454999924262,0001080006040001b8ca3aa48bf5c0a83208000000000000c0a832fd
1543691561.371365,4811763454999924262,0001080006040001b8ca3aa48bf5c0a83208000000000000c0a832fd
1543691561.373372,4811763454999924262,000108000604000270f35a4273e8c0a832fdb8ca3aa48bf5c0a83208
1543691561.373374,4811763454999924262,000108000604000270f35a4273e8c0a832fdb8ca3aa48bf5c0a83208
1543691591.198283,4811763454999924262,0001080006040001b8ca3a7b9818c0a8320770f35a4273e8c0a832fd
1543691591.198286,4811763454999924262,0001080006040001b8ca3a7b9818c0a8320770f35a4273e8c0a832fd
1543691591.200364,4811763454999924262,000108000604000270f35a4273e8c0a832fdb8ca3a7b9818c0a83207
1543691591.200366,4811763454999924262,000108000604000270f35a4273e8c0a832fdb8ca3a7b9818c0a83207
1543691598.606661,4811763454999924262,0001080006040001b8ca3a7b97d6c0a83206000000000000c0a832fd
1543691598.606668,4811763454999924262,0001080006040001b8ca3a7b97d6c0a83206000000000000c0a832fd
1543691598.606669,4811763454999924262,0001080006040001b8ca3a7b97d6c0a83206000000000000c0a832fd
1543691598.60667,4811763454999924262,0001080006040001b8ca3a7b97d6c0a83206000000000000c0a832fd
1543691598.608437,4811763454999924262,000108000604000270f35a4273e8c0a832fdb8ca3a7b97d6c0a83206
1543691598.608439,4811763454999924262,000108000604000270f35a4273e8c0a832fdb8ca3a7b97d6c0a83206
1543691616.43341,4811763454999924262,0001080006040001b8ca3aa48bf5c0a8320870f35a4273e8c0a832fd
1543691616.433413,4811763454999924262,0001080006040001b8ca3aa48bf5c0a8320870f35a4273e8c0a832fd
1543691616.435476,4811763454999924262,000108000604000270f35a4273e8c0a832fdb8ca3aa48bf5c0a83208
1543691616.435479,4811763454999924262,000108000604000270f35a4273e8c0a832fdb8ca3aa48bf5c0a83208
1543691646.432251,4811763454999924262,0001080006040001b8ca3aa48bf5c0a8320870f35a4273e8c0a832fd
1543691646.432253,4811763454999924262,0001080006040001b8ca3aa48bf5c0a8320870f35a4273e8c0a832fd
1543691646.4345,4811763454999924262,000108000604000270f35a4273e8c0a832fdb8ca3aa48bf5c0a83208
1543691646.434502,4811763454999924262,000108000604000270f35a4273e8c0a832fdb8ca3aa48bf5c0a83208
1543691676.431088,4811763454999924262,0001080006040001b8ca3aa48bf5c0a8320870f35a4273e8c0a832fd
1543691676.431091,4811763454999924262,0001080006040001b8ca3aa48bf5c0a8320870f35a4273e8c0a832fd
1543691676.433342,4811763454999924262,000108000604000270f35a4273e8c0a832fdb8ca3aa48bf5c0a83208
1543691676.433344,4811763454999924262,000108000604000270f35a4273e8c0a832fdb8ca3aa48bf5c0a83208
1543691701.437941,4811763454999924262,0001080006040001b8ca3aa48bf5c0a8320870f35a4273e8c0a832fd
1543691701.437943,4811763454999924262,0001080006040001b8ca3aa48bf5c0a8320870f35a4273e8c0a832fd
1543691701.439893,4811763454999924262,000108000604000270f35a4273e8c0a832fdb8ca3aa48bf5c0a83208
1543691701.439895,4811763454999924262,000108000604000270f35a4273e8c0a832fdb8ca3aa48bf5c0a83208
1543691718.64569,4811763454999924262,0001080006040001b8ca3a7b97d6c0a83206000000000000c0a832fd
1543691718.645696,4811763454999924262,0001080006040001b8ca3a7b97d6c0a83206000000000000c0a832fd
1543691718.645698,4811763454999924262,0001080006040001b8ca3a7b97d6c0a83206000000000000c0a832fd
1543691718.645699,4811763454999924262,0001080006040001b8ca3a7b97d6c0a83206000000000000c0a832fd
1543691718.647676,4811763454999924262,000108000604000270f35a4273e8c0a832fdb8ca3a7b97d6c0a83206
1543691718.647678,4811763454999924262,000108000604000270f35a4273e8c0a832fdb8ca3a7b97d6c0a83206
1543691730.438377,4811763454999924262,0001080006040001b8ca3aa48bf5c0a8320870f35a4273e8c0a832fd
1543691730.438379,4811763454999924262,0001080006040001b8ca3aa48bf5c0a8320870f35a4273e8c0a832fd
1543691730.44041,4811763454999924262,000108000604000270f35a4273e8c0a832fdb8ca3aa48bf5c0a83208
1543691730.440412,4811763454999924262,000108000604000270f35a4273e8c0a832fdb8ca3aa48bf5c0a83208
1543691752.690209,4811763454999924262,000108000604000190b11ca2c0d3c0a83201000000000000c0a832fd
1543691752.690211,4811763454999924262,000108000604000190b11ca2c0d3c0a83201000000000000c0a832fd
1543691752.69237,4811763454999924262,000108000604000270f35a4273e8c0a832fd90b11ca2c0d3c0a83201
1543691752.692372,4811763454999924262,000108000604000270f35a4273e8c0a832fd90b11ca2c0d3c0a83201
1543691788.938468,4811763454999924262,0001080006040001b8ca3aa48bf5c0a8320870f35a4273e8c0a832fd
1543691788.938471,4811763454999924262,0001080006040001b8ca3aa48bf5c0a8320870f35a4273e8c0a832fd
1543691788.940702,4811763454999924262,000108000604000270f35a4273e8c0a832fdb8ca3aa48bf5c0a83208
1543691788.940704,4811763454999924262,000108000604000270f35a4273e8c0a832fdb8ca3aa48bf5c0a83208
1543691853.101709,4811763454999924262,0001080006040001b8ca3aa48bf5c0a83208000000000000c0a832fd
1543691853.101715,4811763454999924262,0001080006040001b8ca3aa48bf5c0a83208000000000000c0a832fd
1543691853.101717,4811763454999924262,0001080006040001b8ca3aa48bf5c0a83208000000000000c0a832fd
1543691853.101718,4811763454999924262,0001080006040001b8ca3aa48bf5c0a83208000000000000c0a832fd
1543691853.103918,4811763454999924262,000108000604000270f35a4273e8c0a832fdb8ca3aa48bf5c0a83208
1543691853.10392,4811763454999924262,000108000604000270f35a4273e8c0a832fdb8ca3aa48bf5c0a83208
1543691882.171619,4811763454999924262,0001080006040001b8ca3a7b97d6c0a8320670f35a4273e8c0a832fd
1543691882.171621,4811763454999924262,0001080006040001b8ca3a7b97d6c0a8320670f35a4273e8c0a832fd
1543691882.17367,4811763454999924262,000108000604000270f35a4273e8c0a832fdb8ca3a7b97d6c0a83206
1543691882.173673,4811763454999924262,000108000604000270f35a4273e8c0a832fdb8ca3a7b97d6c0a83206
1543691911.922073,4811763454999924262,000108000604000190b11ca2c0d3c0a83201000000000000c0a832fd
1543691911.922076,4811763454999924262,000108000604000190b11ca2c0d3c0a83201000000000000c0a832fd
1543691911.924153,4811763454999924262,000108000604000270f35a4273e8c0a832fd90b11ca2c0d3c0a83201
1543691911.924156,4811763454999924262,000108000604000270f35a4273e8c0a832fd90b11ca2c0d3c0a83201
1543691971.943385,4811763454999924262,0001080006040001b8ca3aa48bf5c0a8320870f35a4273e8c0a832fd
1543691971.943387,4811763454999924262,0001080006040001b8ca3aa48bf5c0a8320870f35a4273e8c0a832fd
1543691971.945454,4811763454999924262,000108000604000270f35a4273e8c0a832fdb8ca3aa48bf5c0a83208
1543691971.945457,4811763454999924262,000108000604000270f35a4273e8c0a832fdb8ca3aa48bf5c0a83208
1543692005.935896,4811763454999924262,0001080006040001b8ca3aa48bf5c0a8320870f35a4273e8c0a832fd
1543692005.935898,4811763454999924262,0001080006040001b8ca3aa48bf5c0a8320870f35a4273e8c0a832fd
1543692005.937794,4811763454999924262,000108000604000270f35a4273e8c0a832fdb8ca3aa48bf5c0a83208
1543692005.937796,4811763454999924262,000108000604000270f35a4273e8c0a832fdb8ca3aa48bf5c0a83208
1543692015.680329,4811763454999924262,0001080006040001b8ca3a7b97d6c0a8320670f35a4273e8c0a832fd
1543692015.680331,4811763454999924262,0001080006040001b8ca3a7b97d6c0a8320670f35a4273e8c0a832fd
1543692015.68243,4811763454999924262,000108000604000270f35a4273e8c0a832fdb8ca3a7b97d6c0a83206
1543692015.682432,4811763454999924262,000108000604000270f35a4273e8c0a832fdb8ca3a7b97d6c0a83206
1543692033.43869,4811763454999924262,0001080006040001b8ca3aa48bf5c0a8320870f35a4273e8c0a832fd
1543692033.438693,4811763454999924262,0001080006040001b8ca3aa48bf5c0a8320870f35a4273e8c0a832fd
1543692033.440822,4811763454999924262,000108000604000270f35a4273e8c0a832fdb8ca3aa48bf5c0a83208
1543692033.440825,4811763454999924262,000108000604000270f35a4273e8c0a832fdb8ca3aa48bf5c0a83208
1543692052.682711,4811763454999924262,0001080006040001b8ca3a7b97d6c0a8320670f35a4273e8c0a832fd
1543692052.682714,4811763454999924262,0001080006040001b8ca3a7b97d6c0a8320670f35a4273e8c0a832fd
1543692052.684708,4811763454999924262,000108000604000270f35a4273e8c0a832fdb8ca3a7b97d6c0a83206
1543692052.684711,4811763454999924262,000108000604000270f35a4273e8c0a832fdb8ca3a7b97d6c0a83206
1543692065.933569,4811763454999924262,0001080006040001b8ca3aa48bf5c0a8320870f35a4273e8c0a832fd
1543692065.933571,4811763454999924262,0001080006040001b8ca3aa48bf5c0a8320870f35a4273e8c0a832fd
1543692065.935697,4811763454999924262,000108000604000270f35a4273e8c0a832fdb8ca3aa48bf5c0a83208
1543692065.935699,4811763454999924262,000108000604000270f35a4273e8c0a832fdb8ca3aa48bf5c0a83208
1543692093.935624,4811763454999924262,0001080006040001b8ca3aa48bf5c0a8320870f35a4273e8c0a832fd
1543692093.935626,4811763454999924262,0001080006040001b8ca3aa48bf5c0a8320870f35a4273e8c0a832fd
1543692093.937916,4811763454999924262,000108000604000270f35a4273e8c0a832fdb8ca3aa48bf5c0a83208
1543692093.937919,4811763454999924262,000108000604000270f35a4273e8c0a832fdb8ca3aa48bf5c0a83208
1543692124.875252,4811763454999924262,0001080006040001b8ca3a7b97d6c0a83206000000000000c0a832fd
1543692124.875266,4811763454999924262,0001080006040001b8ca3a7b97d6c0a83206000000000000c0a832fd
1543692124.875267,4811763454999924262,0001080006040001b8ca3a7b97d6c0a83206000000000000c0a832fd
1543692124.875268,4811763454999924262,0001080006040001b8ca3a7b97d6c0a83206000000000000c0a832fd
1543692124.877295,4811763454999924262,000108000604000270f35a4273e8c0a832fdb8ca3a7b97d6c0a83206
1543692124.877298,4811763454999924262,000108000604000270f35a4273e8c0a832fdb8ca3a7b97d6c0a83206
1543692126.430488,4811763454999924262,0001080006040001b8ca3aa48bf5c0a8320870f35a4273e8c0a832fd
1543692126.43049,4811763454999924262,0001080006040001b8ca3aa48bf5c0a8320870f35a4273e8c0a832fd
1543692126.432623,4811763454999924262,000108000604000270f35a4273e8c0a832fdb8ca3aa48bf5c0a83208
1543692126.432625,4811763454999924262,000108000604000270f35a4273e8c0a832fdb8ca3aa48bf5c0a83208
1543692130.172142,4811763454999924262,0001080006040001b8ca3a7b97d6c0a8320670f35a4273e8c0a832fd
1543692130.172144,4811763454999924262,0001080006040001b8ca3a7b97d6c0a8320670f35a4273e8c0a832fd
1543692130.174321,4811763454999924262,000108000604000270f35a4273e8c0a832fdb8ca3a7b97d6c0a83206
1543692130.174324,4811763454999924262,000108000604000270f35a4273e8c0a832fdb8ca3a7b97d6c0a83206
1543692138.207458,4811763454999924262,0001080006040001b8ca3a7b9818c0a8320770f35a4273e8c0a832fd
1543692138.207461,4811763454999924262,0001080006040001b8ca3a7b9818c0a8320770f35a4273e8c0a832fd
1543692138.209556,4811763454999924262,000108000604000270f35a4273e8c0a832fdb8ca3a7b9818c0a83207
1543692138.209558,4811763454999924262,000108000604000270f35a4273e8c0a832fdb8ca3a7b9818c0a83207
1543692153.434122,4811763454999924262,0001080006040001b8ca3aa48bf5c0a8320870f35a4273e8c0a832fd
1543692153.434124,4811763454999924262,0001080006040001b8ca3aa48bf5c0a8320870f35a4273e8c0a832fd
1543692153.436179,4811763454999924262,000108000604000270f35a4273e8c0a832fdb8ca3aa48bf5c0a83208
1543692153.436182,4811763454999924262,000108000604000270f35a4273e8c0a832fdb8ca3aa48bf5c0a83208
1543692165.207142,4811763454999924262,0001080006040001b8ca3a7b9818c0a8320770f35a4273e8c0a832fd
1543692165.207144,4811763454999924262,0001080006040001b8ca3a7b9818c0a8320770f35a4273e8c0a832fd
1543692165.209258,4811763454999924262,000108000604000270f35a4273e8c0a832fdb8ca3a7b9818c0a83207
1543692165.20926,4811763454999924262,000108000604000270f35a4273e8c0a832fdb8ca3a7b9818c0a83207
1543692213.931051,4811763454999924262,0001080006040001b8ca3aa48bf5c0a8320870f35a4273e8c0a832fd
1543692213.931053,4811763454999924262,0001080006040001b8ca3aa48bf5c0a8320870f35a4273e8c0a832fd
1543692213.933266,4811763454999924262,000108000604000270f35a4273e8c0a832fdb8ca3aa48bf5c0a83208
1543692213.933269,4811763454999924262,000108000604000270f35a4273e8c0a832fdb8ca3aa48bf5c0a83208
1543692264.943139,4811763454999924262,0001080006040001b8ca3aa48bf5c0a8320870f35a4273e8c0a832fd
1543692264.943141,4811763454999924262,0001080006040001b8ca3aa48bf5c0a8320870f35a4273e8c0a832fd
1543692264.945263,4811763454999924262,000108000604000270f35a4273e8c0a832fdb8ca3aa48bf5c0a83208
1543692264.945266,4811763454999924262,000108000604000270f35a4273e8c0a832fdb8ca3aa48bf5c0a83208
1543692295.940412,4811763454999924262,0001080006040001b8ca3aa48bf5c0a8320870f35a4273e8c0a832fd
1543692295.940415,4811763454999924262,0001080006040001b8ca3aa48bf5c0a8320870f35a4273e8c0a832fd
1543692295.942562,4811763454999924262,000108000604000270f35a4273e8c0a832fdb8ca3aa48bf5c0a83208
1543692295.942564,4811763454999924262,000108000604000270f35a4273e8c0a832fdb8ca3aa48bf5c0a83208
1543692329.433692,4811763454999924262,0001080006040001b8ca3aa48bf5c0a8320870f35a4273e8c0a832fd
1543692329.433695,4811763454999924262,0001080006040001b8ca3aa48bf5c0a8320870f35a4273e8c0a832fd
1543692329.435789,4811763454999924262,000108000604000270f35a4273e8c0a832fdb8ca3aa48bf5c0a83208
1543692329.435791,4811763454999924262,000108000604000270f35a4273e8c0a832fdb8ca3aa48bf5c0a83208
1543692338.676279,4811763454999924262,0001080006040001b8ca3a7b97d6c0a8320670f35a4273e8c0a832fd
1543692338.676282,4811763454999924262,0001080006040001b8ca3a7b97d6c0a8320670f35a4273e8c0a832fd
1543692338.678337,4811763454999924262,000108000604000270f35a4273e8c0a832fdb8ca3a7b97d6c0a83206
1543692338.678339,4811763454999924262,000108000604000270f35a4273e8c0a832fdb8ca3a7b97d6c0a83206
1543692346.70506,4811763454999924262,0001080006040001b8ca3a7b9818c0a8320770f35a4273e8c0a832fd
1543692346.705063,4811763454999924262,0001080006040001b8ca3a7b9818c0a8320770f35a4273e8c0a832fd
1543692346.70692,4811763454999924262,000108000604000270f35a4273e8c0a832fdb8ca3a7b9818c0a83207
1543692346.706923,4811763454999924262,000108000604000270f35a4273e8c0a832fdb8ca3a7b9818c0a83207
1543692385.437807,4811763454999924262,0001080006040001b8ca3aa48bf5c0a8320870f35a4273e8c0a832fd
1543692385.437809,4811763454999924262,0001080006040001b8ca3aa48bf5c0a8320870f35a4273e8c0a832fd
1543692385.439735,4811763454999924262,000108000604000270f35a4273e8c0a832fdb8ca3aa48bf5c0a83208
1543692385.439738,4811763454999924262,000108000604000270f35a4273e8c0a832fdb8ca3aa48bf5c0a83208
1543692415.93583,4811763454999924262,0001080006040001b8ca3aa48bf5c0a8320870f35a4273e8c0a832fd
1543692415.935833,4811763454999924262,0001080006040001b8ca3aa48bf5c0a8320870f35a4273e8c0a832fd
1543692415.937927,4811763454999924262,000108000604000270f35a4273e8c0a832fdb8ca3aa48bf5c0a83208
1543692415.93793,4811763454999924262,000108000604000270f35a4273e8c0a832fdb8ca3aa48bf5c0a83208
1543692449.94393,4811763454999924262,0001080006040001b8ca3aa48bf5c0a8320870f35a4273e8c0a832fd
1543692449.943933,4811763454999924262,0001080006040001b8ca3aa48bf5c0a8320870f35a4273e8c0a832fd
1543692449.94601,4811763454999924262,000108000604000270f35a4273e8c0a832fdb8ca3aa48bf5c0a83208
1543692449.946012,4811763454999924262,000108000604000270f35a4273e8c0a832fdb8ca3aa48bf5c0a83208
1543692453.719487,4811763454999924262,0001080006040001b8ca3a7b9818c0a8320770f35a4273e8c0a832fd
1543692453.71949,4811763454999924262,0001080006040001b8ca3a7b9818c0a8320770f35a4273e8c0a832fd
1543692453.72156,4811763454999924262,000108000604000270f35a4273e8c0a832fdb8ca3a7b9818c0a83207
1543692453.721563,4811763454999924262,000108000604000270f35a4273e8c0a832fdb8ca3a7b9818c0a83207
1543692476.932976,4811763454999924262,0001080006040001b8ca3aa48bf5c0a8320870f35a4273e8c0a832fd
1543692476.932979,4811763454999924262,0001080006040001b8ca3aa48bf5c0a8320870f35a4273e8c0a832fd
1543692476.935051,4811763454999924262,000108000604000270f35a4273e8c0a832fdb8ca3aa48bf5c0a83208
1543692476.935053,4811763454999924262,000108000604000270f35a4273e8c0a832fdb8ca3aa48bf5c0a83208
1543692538.443887,4811763454999924262,0001080006040001b8ca3aa48bf5c0a8320870f35a4273e8c0a832fd
1543692538.443889,4811763454999924262,0001080006040001b8ca3aa48bf5c0a8320870f35a4273e8c0a832fd
1543692538.446033,4811763454999924262,000108000604000270f35a4273e8c0a832fdb8ca3aa48bf5c0a83208
1543692538.446036,4811763454999924262,000108000604000270f35a4273e8c0a832fdb8ca3aa48bf5c0a83208
1543692593.435004,4811763454999924262,0001080006040001b8ca3aa48bf5c0a8320870f35a4273e8c0a832fd
1543692593.435006,4811763454999924262,0001080006040001b8ca3aa48bf5c0a8320870f35a4273e8c0a832fd
1543692593.437048,4811763454999924262,000108000604000270f35a4273e8c0a832fdb8ca3aa48bf5c0a83208
1543692593.43705,4811763454999924262,000108000604000270f35a4273e8c0a832fdb8ca3aa48bf5c0a83208
1543692620.937861,4811763454999924262,0001080006040001b8ca3aa48bf5c0a8320870f35a4273e8c0a832fd
1543692620.937863,4811763454999924262,0001080006040001b8ca3aa48bf5c0a8320870f35a4273e8c0a832fd
1543692620.940008,4811763454999924262,000108000604000270f35a4273e8c0a832fdb8ca3aa48bf5c0a83208
1543692620.94001,4811763454999924262,000108000604000270f35a4273e8c0a832fdb8ca3aa48bf5c0a83208
1543692650.936762,4811763454999924262,0001080006040001b8ca3aa48bf5c0a8320870f35a4273e8c0a832fd
1543692650.936764,4811763454999924262,0001080006040001b8ca3aa48bf5c0a8320870f35a4273e8c0a832fd
1543692650.938722,4811763454999924262,000108000604000270f35a4273e8c0a832fdb8ca3aa48bf5c0a83208
1543692650.938725,4811763454999924262,000108000604000270f35a4273e8c0a832fdb8ca3aa48bf5c0a83208
1543692678.938803,4811763454999924262,0001080006040001b8ca3aa48bf5c0a8320870f35a4273e8c0a832fd
1543692678.938805,4811763454999924262,0001080006040001b8ca3aa48bf5c0a8320870f35a4273e8c0a832fd
1543692678.940872,4811763454999924262,000108000604000270f35a4273e8c0a832fdb8ca3aa48bf5c0a83208
1543692678.940874,4811763454999924262,000108000604000270f35a4273e8c0a832fdb8ca3aa48bf5c0a83208
1543692693.721282,4811763454999924262,0001080006040001b8ca3a7b9818c0a8320770f35a4273e8c0a832fd
1543692693.721284,4811763454999924262,0001080006040001b8ca3a7b9818c0a8320770f35a4273e8c0a832fd
1543692693.723413,4811763454999924262,000108000604000270f35a4273e8c0a832fdb8ca3a7b9818c0a83207
1543692693.723415,4811763454999924262,000108000604000270f35a4273e8c0a832fdb8ca3a7b9818c0a83207
1543692758.047361,4811763454999924262,0001080006040001b8ca3a7b97d6c0a83206000000000000c0a832fd
1543692758.047366,4811763454999924262,0001080006040001b8ca3a7b97d6c0a83206000000000000c0a832fd
1543692758.047368,4811763454999924262,0001080006040001b8ca3a7b97d6c0a83206000000000000c0a832fd
1543692758.047369,4811763454999924262,0001080006040001b8ca3a7b97d6c0a83206000000000000c0a832fd
1543692758.049581,4811763454999924262,000108000604000270f35a4273e8c0a832fdb8ca3a7b97d6c0a83206
1543692758.049583,4811763454999924262,000108000604000270f35a4273e8c0a832fdb8ca3a7b97d6c0a83206
1543692796.190378,4811763454999924262,0001080006040001b8ca3a7b97d6c0a8320670f35a4273e8c0a832fd
1543692796.19038,4811763454999924262,0001080006040001b8ca3a7b97d6c0a8320670f35a4273e8c0a832fd
1543692796.192446,4811763454999924262,000108000604000270f35a4273e8c0a832fdb8ca3a7b97d6c0a83206
1543692796.192448,4811763454999924262,000108000604000270f35a4273e8c0a832fdb8ca3a7b97d6c0a83206
1543692812.444863,4811763454999924262,0001080006040001b8ca3aa48bf5c0a8320870f35a4273e8c0a832fd
1543692812.444865,4811763454999924262,0001080006040001b8ca3aa48bf5c0a8320870f35a4273e8c0a832fd
1543692812.446884,4811763454999924262,000108000604000270f35a4273e8c0a832fdb8ca3aa48bf5c0a83208
1543692812.446886,4811763454999924262,000108000604000270f35a4273e8c0a832fdb8ca3aa48bf5c0a83208
1543692815.191614,4811763454999924262,0001080006040001b8ca3a7b97d6c0a8320670f35a4273e8c0a832fd
1543692815.191617,4811763454999924262,0001080006040001b8ca3a7b97d6c0a8320670f35a4273e8c0a832fd
1543692815.193842,4811763454999924262,000108000604000270f35a4273e8c0a832fdb8ca3a7b97d6c0a83206
1543692815.193844,4811763454999924262,000108000604000270f35a4273e8c0a832fdb8ca3a7b97d6c0a83206
1543692836.192984,4811763454999924262,0001080006040001b8ca3a7b97d6c0a8320670f35a4273e8c0a832fd
1543692836.192987,4811763454999924262,0001080006040001b8ca3a7b97d6c0a8320670f35a4273e8c0a832fd
1543692836.194858,4811763454999924262,000108000604000270f35a4273e8c0a832fdb8ca3a7b97d6c0a83206
1543692836.194861,4811763454999924262,000108000604000270f35a4273e8c0a832fdb8ca3a7b97d6c0a83206
1543692865.438175,4811763454999924262,0001080006040001b8ca3aa48bf5c0a8320870f35a4273e8c0a832fd
1543692865.438178,4811763454999924262,0001080006040001b8ca3aa48bf5c0a8320870f35a4273e8c0a832fd
1543692865.440262,4811763454999924262,000108000604000270f35a4273e8c0a832fdb8ca3aa48bf5c0a83208
1543692865.440265,4811763454999924262,000108000604000270f35a4273e8c0a832fdb8ca3aa48bf5c0a83208
1543692908.495913,4811763454999924262,0001080006040001b8ca3a7b97d6c0a83206000000000000c0a832fd
1543692908.495922,4811763454999924262,0001080006040001b8ca3a7b97d6c0a83206000000000000c0a832fd
1543692908.495924,4811763454999924262,0001080006040001b8ca3a7b97d6c0a83206000000000000c0a832fd
1543692908.495925,4811763454999924262,0001080006040001b8ca3a7b97d6c0a83206000000000000c0a832fd
1543692908.498029,4811763454999924262,000108000604000270f35a4273e8c0a832fdb8ca3a7b97d6c0a83206
1543692908.498031,4811763454999924262,000108000604000270f35a4273e8c0a832fdb8ca3a7b97d6c0a83206
1543692922.182893,4811763454999924262,0001080006040001b8ca3a7b97d6c0a8320670f35a4273e8c0a832fd
1543692922.182895,4811763454999924262,0001080006040001b8ca3a7b97d6c0a8320670f35a4273e8c0a832fd
1543692922.185007,4811763454999924262,000108000604000270f35a4273e8c0a832fdb8ca3a7b97d6c0a83206
1543692922.18501,4811763454999924262,000108000604000270f35a4273e8c0a832fdb8ca3a7b97d6c0a83206
1543692926.433979,4811763454999924262,0001080006040001b8ca3aa48bf5c0a8320870f35a4273e8c0a832fd
1543692926.433984,4811763454999924262,0001080006040001b8ca3aa48bf5c0a8320870f35a4273e8c0a832fd
1543692926.436066,4811763454999924262,000108000604000270f35a4273e8c0a832fdb8ca3aa48bf5c0a83208
1543692926.436068,4811763454999924262,000108000604000270f35a4273e8c0a832fdb8ca3aa48bf5c0a83208
1543692968.44485,4811763454999924262,0001080006040001b8ca3aa48bf5c0a8320870f35a4273e8c0a832fd
1543692968.444852,4811763454999924262,0001080006040001b8ca3aa48bf5c0a8320870f35a4273e8c0a832fd
1543692968.446968,4811763454999924262,000108000604000270f35a4273e8c0a832fdb8ca3aa48bf5c0a83208
1543692968.44697,4811763454999924262,000108000604000270f35a4273e8c0a832fdb8ca3aa48bf5c0a83208
1543692995.932145,4811763454999924262,0001080006040001b8ca3aa48bf5c0a8320870f35a4273e8c0a832fd
1543692995.932147,4811763454999924262,0001080006040001b8ca3aa48bf5c0a8320870f35a4273e8c0a832fd
1543692995.934228,4811763454999924262,000108000604000270f35a4273e8c0a832fdb8ca3aa48bf5c0a83208
1543692995.93423,4811763454999924262,000108000604000270f35a4273e8c0a832fdb8ca3aa48bf5c0a83208
1543693022.224202,4811763454999924262,0001080006040001b8ca3a7b9818c0a8320770f35a4273e8c0a832fd
1543693022.224205,4811763454999924262,0001080006040001b8ca3a7b9818c0a8320770f35a4273e8c0a832fd
1543693022.226263,4811763454999924262,000108000604000270f35a4273e8c0a832fdb8ca3a7b9818c0a83207
1543693022.226265,4811763454999924262,000108000604000270f35a4273e8c0a832fdb8ca3a7b9818c0a83207
1543693025.930997,4811763454999924262,0001080006040001b8ca3aa48bf5c0a8320870f35a4273e8c0a832fd
1543693025.931,4811763454999924262,0001080006040001b8ca3aa48bf5c0a8320870f35a4273e8c0a832fd
1543693025.932898,4811763454999924262,000108000604000270f35a4273e8c0a832fdb8ca3aa48bf5c0a83208
1543693025.9329,4811763454999924262,000108000604000270f35a4273e8c0a832fdb8ca3aa48bf5c0a83208
1543693032.689642,4811763454999924262,000108000604000190b11ca2c0d3c0a83201000000000000c0a832fd
1543693032.689644,4811763454999924262,000108000604000190b11ca2c0d3c0a83201000000000000c0a832fd
1543693032.691605,4811763454999924262,000108000604000270f35a4273e8c0a832fd90b11ca2c0d3c0a83201
1543693032.691608,4811763454999924262,000108000604000270f35a4273e8c0a832fd90b11ca2c0d3c0a83201
1543693056.444654,4811763454999924262,0001080006040001b8ca3aa48bf5c0a8320870f35a4273e8c0a832fd
1543693056.444656,4811763454999924262,0001080006040001b8ca3aa48bf5c0a8320870f35a4273e8c0a832fd
1543693056.446756,4811763454999924262,000108000604000270f35a4273e8c0a832fdb8ca3aa48bf5c0a83208
1543693056.446758,4811763454999924262,000108000604000270f35a4273e8c0a832fdb8ca3aa48bf5c0a83208
1543693088.440303,4811763454999924262,0001080006040001b8ca3aa48bf5c0a8320870f35a4273e8c0a832fd
1543693088.440306,4811763454999924262,0001080006040001b8ca3aa48bf5c0a8320870f35a4273e8c0a832fd
1543693088.442321,4811763454999924262,000108000604000270f35a4273e8c0a832fdb8ca3aa48bf5c0a83208
1543693088.442323,4811763454999924262,000108000604000270f35a4273e8c0a832fdb8ca3aa48bf5c0a83208
1543693116.724311,4811763454999924262,0001080006040001b8ca3a7b9818c0a8320770f35a4273e8c0a832fd
1543693116.724313,4811763454999924262,0001080006040001b8ca3a7b9818c0a8320770f35a4273e8c0a832fd
1543693116.726389,4811763454999924262,000108000604000270f35a4273e8c0a832fdb8ca3a7b9818c0a83207
1543693116.726391,4811763454999924262,000108000604000270f35a4273e8c0a832fdb8ca3a7b9818c0a83207
1543693143.224056,4811763454999924262,0001080006040001b8ca3a7b9818c0a8320770f35a4273e8c0a832fd
1543693143.224058,4811763454999924262,0001080006040001b8ca3a7b9818c0a8320770f35a4273e8c0a832fd
1543693143.226171,4811763454999924262,000108000604000270f35a4273e8c0a832fdb8ca3a7b9818c0a83207
1543693143.226173,4811763454999924262,000108000604000270f35a4273e8c0a832fdb8ca3a7b9818c0a83207
1543693147.440752,4811763454999924262,0001080006040001b8ca3aa48bf5c0a8320870f35a4273e8c0a832fd
1543693147.440754,4811763454999924262,0001080006040001b8ca3aa48bf5c0a8320870f35a4273e8c0a832fd
1543693147.442914,4811763454999924262,000108000604000270f35a4273e8c0a832fdb8ca3aa48bf5c0a83208
1543693147.442916,4811763454999924262,000108000604000270f35a4273e8c0a832fdb8ca3aa48bf5c0a83208
1543693173.723774,4811763454999924262,0001080006040001b8ca3a7b9818c0a8320770f35a4273e8c0a832fd
1543693173.723776,4811763454999924262,0001080006040001b8ca3a7b9818c0a8320770f35a4273e8c0a832fd
1543693173.725898,4811763454999924262,000108000604000270f35a4273e8c0a832fdb8ca3a7b9818c0a83207
1543693173.725901,4811763454999924262,000108000604000270f35a4273e8c0a832fdb8ca3a7b9818c0a83207
1543693175.942066,4811763454999924262,0001080006040001b8ca3aa48bf5c0a8320870f35a4273e8c0a832fd
1543693175.942068,4811763454999924262,0001080006040001b8ca3aa48bf5c0a8320870f35a4273e8c0a832fd
1543693175.944035,4811763454999924262,000108000604000270f35a4273e8c0a832fdb8ca3aa48bf5c0a83208
1543693175.944037,4811763454999924262,000108000604000270f35a4273e8c0a832fdb8ca3aa48bf5c0a83208
1543693203.444958,4811763454999924262,0001080006040001b8ca3aa48bf5c0a8320870f35a4273e8c0a832fd
1543693203.44496,4811763454999924262,0001080006040001b8ca3aa48bf5c0a8320870f35a4273e8c0a832fd
1543693203.447782,4811763454999924262,000108000604000270f35a4273e8c0a832fdb8ca3aa48bf5c0a83208
1543693203.447785,4811763454999924262,000108000604000270f35a4273e8c0a832fdb8ca3aa48bf5c0a83208
1543693210.153026,4811763454999924262,0001080006040001b8ca3a7b980cc0a83209000000000000c0a832fd
1543693210.153028,4811763454999924262,0001080006040001b8ca3a7b980cc0a83209000000000000c0a832fd
1543693210.155169,4811763454999924262,000108000604000270f35a4273e8c0a832fdb8ca3a7b980cc0a83209
1543693210.155171,4811763454999924262,000108000604000270f35a4273e8c0a832fdb8ca3a7b980cc0a83209
1543693232.445486,4811763454999924262,0001080006040001b8ca3aa48bf5c0a8320870f35a4273e8c0a832fd
1543693232.445488,4811763454999924262,0001080006040001b8ca3aa48bf5c0a8320870f35a4273e8c0a832fd
1543693232.448048,4811763454999924262,000108000604000270f35a4273e8c0a832fdb8ca3aa48bf5c0a83208
1543693232.44805,4811763454999924262,000108000604000270f35a4273e8c0a832fdb8ca3aa48bf5c0a83208
1543693339.189845,4811763454999924262,0001080006040001b8ca3a7b97d6c0a8320670f35a4273e8c0a832fd
1543693339.189848,4811763454999924262,0001080006040001b8ca3a7b97d6c0a8320670f35a4273e8c0a832fd
1543693339.191946,4811763454999924262,000108000604000270f35a4273e8c0a832fdb8ca3a7b97d6c0a83206
1543693339.191948,4811763454999924262,000108000604000270f35a4273e8c0a832fdb8ca3a7b97d6c0a83206
1543693343.504167,4811763454999924262,0001080006040001b8ca3aa48bf5c0a83208000000000000c0a832fd
1543693343.504174,4811763454999924262,0001080006040001b8ca3aa48bf5c0a83208000000000000c0a832fd
1543693343.504176,4811763454999924262,0001080006040001b8ca3aa48bf5c0a83208000000000000c0a832fd
1543693343.504177,4811763454999924262,0001080006040001b8ca3aa48bf5c0a83208000000000000c0a832fd
1543693343.50627,4811763454999924262,000108000604000270f35a4273e8c0a832fdb8ca3aa48bf5c0a83208
1543693343.506273,4811763454999924262,000108000604000270f35a4273e8c0a832fdb8ca3aa48bf5c0a83208
1543693353.737628,4811763454999924262,0001080006040001b8ca3a7b9818c0a8320770f35a4273e8c0a832fd
1543693353.737631,4811763454999924262,0001080006040001b8ca3a7b9818c0a8320770f35a4273e8c0a832fd
1543693353.739377,4811763454999924262,000108000604000270f35a4273e8c0a832fdb8ca3a7b9818c0a83207
1543693353.739379,4811763454999924262,000108000604000270f35a4273e8c0a832fdb8ca3a7b9818c0a83207
1543693365.237478,4811763454999924262,0001080006040001b8ca3a7b9818c0a8320770f35a4273e8c0a832fd
1543693365.23748,4811763454999924262,0001080006040001b8ca3a7b9818c0a8320770f35a4273e8c0a832fd
1543693365.239577,4811763454999924262,000108000604000270f35a4273e8c0a832fdb8ca3a7b9818c0a83207
1543693365.239579,4811763454999924262,000108000604000270f35a4273e8c0a832fdb8ca3a7b9818c0a83207
1543693372.692017,4811763454999924262,0001080006040001b8ca3a7b97d6c0a8320670f35a4273e8c0a832fd
1543693372.69202,4811763454999924262,0001080006040001b8ca3a7b97d6c0a8320670f35a4273e8c0a832fd
1543693372.694058,4811763454999924262,000108000604000270f35a4273e8c0a832fdb8ca3a7b97d6c0a83206
1543693372.694061,4811763454999924262,000108000604000270f35a4273e8c0a832fdb8ca3a7b97d6c0a83206
1543693383.938586,4811763454999924262,0001080006040001b8ca3aa48bf5c0a8320870f35a4273e8c0a832fd
1543693383.938588,4811763454999924262,0001080006040001b8ca3aa48bf5c0a8320870f35a4273e8c0a832fd
1543693383.940654,4811763454999924262,000108000604000270f35a4273e8c0a832fdb8ca3aa48bf5c0a83208
1543693383.940656,4811763454999924262,000108000604000270f35a4273e8c0a832fdb8ca3aa48bf5c0a83208
1543693426.433145,4811763454999924262,0001080006040001b8ca3aa48bf5c0a8320870f35a4273e8c0a832fd
1543693426.433149,4811763454999924262,0001080006040001b8ca3aa48bf5c0a8320870f35a4273e8c0a832fd
1543693426.435196,4811763454999924262,000108000604000270f35a4273e8c0a832fdb8ca3aa48bf5c0a83208
1543693426.435198,4811763454999924262,000108000604000270f35a4273e8c0a832fdb8ca3aa48bf5c0a83208
1543693466.930882,4811763454999924262,0001080006040001b8ca3aa48bf5c0a8320870f35a4273e8c0a832fd
1543693466.930884,4811763454999924262,0001080006040001b8ca3aa48bf5c0a8320870f35a4273e8c0a832fd
1543693466.933059,4811763454999924262,000108000604000270f35a4273e8c0a832fdb8ca3aa48bf5c0a83208
1543693466.933061,4811763454999924262,000108000604000270f35a4273e8c0a832fdb8ca3aa48bf5c0a83208
1543693513.243911,4811763454999924262,0001080006040001b8ca3a7b97d6c0a83206000000000000c0a832fd
1543693513.24392,4811763454999924262,0001080006040001b8ca3a7b97d6c0a83206000000000000c0a832fd
1543693513.243922,4811763454999924262,0001080006040001b8ca3a7b97d6c0a83206000000000000c0a832fd
1543693513.243923,4811763454999924262,0001080006040001b8ca3a7b97d6c0a83206000000000000c0a832fd
1543693513.24607,4811763454999924262,000108000604000270f35a4273e8c0a832fdb8ca3a7b97d6c0a83206
1543693513.246072,4811763454999924262,000108000604000270f35a4273e8c0a832fdb8ca3a7b97d6c0a83206
1543693520.439005,4811763454999924262,0001080006040001b8ca3aa48bf5c0a8320870f35a4273e8c0a832fd
1543693520.439008,4811763454999924262,0001080006040001b8ca3aa48bf5c0a8320870f35a4273e8c0a832fd
1543693520.441167,4811763454999924262,000108000604000270f35a4273e8c0a832fdb8ca3aa48bf5c0a83208
1543693520.441169,4811763454999924262,000108000604000270f35a4273e8c0a832fdb8ca3aa48bf5c0a83208
1543693533.735753,4811763454999924262,0001080006040001b8ca3a7b9818c0a8320770f35a4273e8c0a832fd
1543693533.735755,4811763454999924262,0001080006040001b8ca3a7b9818c0a8320770f35a4273e8c0a832fd
1543693533.737856,4811763454999924262,000108000604000270f35a4273e8c0a832fdb8ca3a7b9818c0a83207
1543693533.737858,4811763454999924262,000108000604000270f35a4273e8c0a832fdb8ca3a7b9818c0a83207
1543693551.735585,4811763454999924262,0001080006040001b8ca3a7b9818c0a8320770f35a4273e8c0a832fd
1543693551.735588,4811763454999924262,0001080006040001b8ca3a7b9818c0a8320770f35a4273e8c0a832fd
1543693551.737694,4811763454999924262,000108000604000270f35a4273e8c0a832fdb8ca3a7b9818c0a83207
1543693551.737696,4811763454999924262,000108000604000270f35a4273e8c0a832fdb8ca3a7b9818c0a83207
1543693595.943261,4811763454999924262,0001080006040001b8ca3aa48bf5c0a8320870f35a4273e8c0a832fd
1543693595.943263,4811763454999924262,0001080006040001b8ca3aa48bf5c0a8320870f35a4273e8c0a832fd
1543693595.94538,4811763454999924262,000108000604000270f35a4273e8c0a832fdb8ca3aa48bf5c0a83208
1543693595.945382,4811763454999924262,000108000604000270f35a4273e8c0a832fdb8ca3aa48bf5c0a83208
1543693631.93256,4811763454999924262,0001080006040001b8ca3aa48bf5c0a8320870f35a4273e8c0a832fd
1543693631.932563,4811763454999924262,0001080006040001b8ca3aa48bf5c0a8320870f35a4273e8c0a832fd
1543693631.934338,4811763454999924262,000108000604000270f35a4273e8c0a832fdb8ca3aa48bf5c0a83208
1543693631.934341,4811763454999924262,000108000604000270f35a4273e8c0a832fdb8ca3aa48bf5c0a83208
1543693661.931454,4811763454999924262,0001080006040001b8ca3aa48bf5c0a8320870f35a4273e8c0a832fd
1543693661.931457,4811763454999924262,0001080006040001b8ca3aa48bf5c0a8320870f35a4273e8c0a832fd
1543693661.933452,4811763454999924262,000108000604000270f35a4273e8c0a832fdb8ca3aa48bf5c0a83208
1543693661.933455,4811763454999924262,000108000604000270f35a4273e8c0a832fdb8ca3aa48bf5c0a83208
1543693691.945948,4811763454999924262,0001080006040001b8ca3aa48bf5c0a8320870f35a4273e8c0a832fd
1543693691.94596,4811763454999924262,0001080006040001b8ca3aa48bf5c0a8320870f35a4273e8c0a832fd
1543693691.948061,4811763454999924262,000108000604000270f35a4273e8c0a832fdb8ca3aa48bf5c0a83208
1543693691.948063,4811763454999924262,000108000604000270f35a4273e8c0a832fdb8ca3aa48bf5c0a83208
1543693699.234015,4811763454999924262,0001080006040001b8ca3a7b9818c0a8320770f35a4273e8c0a832fd
1543693699.234017,4811763454999924262,0001080006040001b8ca3a7b9818c0a8320770f35a4273e8c0a832fd
1543693699.23618,4811763454999924262,000108000604000270f35a4273e8c0a832fdb8ca3a7b9818c0a83207
1543693699.236183,4811763454999924262,000108000604000270f35a4273e8c0a832fdb8ca3a7b9818c0a83207
1543693737.43567,4811763454999924262,0001080006040001b8ca3aa48bf5c0a8320870f35a4273e8c0a832fd
1543693737.435672,4811763454999924262,0001080006040001b8ca3aa48bf5c0a8320870f35a4273e8c0a832fd
1543693737.437587,4811763454999924262,000108000604000270f35a4273e8c0a832fdb8ca3aa48bf5c0a83208
1543693737.437589,4811763454999924262,000108000604000270f35a4273e8c0a832fdb8ca3aa48bf5c0a83208
1543693739.733588,4811763454999924262,0001080006040001b8ca3a7b9818c0a8320770f35a4273e8c0a832fd
1543693739.73359,4811763454999924262,0001080006040001b8ca3a7b9818c0a8320770f35a4273e8c0a832fd
1543693739.735683,4811763454999924262,000108000604000270f35a4273e8c0a832fdb8ca3a7b9818c0a83207
1543693739.735686,4811763454999924262,000108000604000270f35a4273e8c0a832fdb8ca3a7b9818c0a83207
1543693765.202271,4811763454999924262,0001080006040001b8ca3a7b97d6c0a8320670f35a4273e8c0a832fd
1543693765.202273,4811763454999924262,0001080006040001b8ca3a7b97d6c0a8320670f35a4273e8c0a832fd
1543693765.204377,4811763454999924262,000108000604000270f35a4273e8c0a832fdb8ca3a7b97d6c0a83206
1543693765.20438,4811763454999924262,000108000604000270f35a4273e8c0a832fdb8ca3a7b97d6c0a83206
1543693786.934616,4811763454999924262,0001080006040001b8ca3aa48bf5c0a8320870f35a4273e8c0a832fd
1543693786.934618,4811763454999924262,0001080006040001b8ca3aa48bf5c0a8320870f35a4273e8c0a832fd
1543693786.936689,4811763454999924262,000108000604000270f35a4273e8c0a832fdb8ca3aa48bf5c0a83208
1543693786.936692,4811763454999924262,000108000604000270f35a4273e8c0a832fdb8ca3aa48bf5c0a83208
1543693819.205832,4811763454999924262,0001080006040001b8ca3a7b97d6c0a8320670f35a4273e8c0a832fd
1543693819.205835,4811763454999924262,0001080006040001b8ca3a7b97d6c0a8320670f35a4273e8c0a832fd
1543693819.207886,4811763454999924262,000108000604000270f35a4273e8c0a832fdb8ca3a7b97d6c0a83206
1543693819.207888,4811763454999924262,000108000604000270f35a4273e8c0a832fdb8ca3a7b97d6c0a83206
1543693842.439564,4811763454999924262,0001080006040001b8ca3aa48bf5c0a8320870f35a4273e8c0a832fd
1543693842.439567,4811763454999924262,0001080006040001b8ca3aa48bf5c0a8320870f35a4273e8c0a832fd
1543693842.44168,4811763454999924262,000108000604000270f35a4273e8c0a832fdb8ca3aa48bf5c0a83208
1543693842.441683,4811763454999924262,000108000604000270f35a4273e8c0a832fdb8ca3aa48bf5c0a83208
1543693849.586565,4811763454999924262,000108000604000190b11ca2c0d3c0a83201000000000000c0a832fd
1543693849.586568,4811763454999924262,000108000604000190b11ca2c0d3c0a83201000000000000c0a832fd
1543693849.588652,4811763454999924262,000108000604000270f35a4273e8c0a832fd90b11ca2c0d3c0a83201
1543693849.588654,4811763454999924262,000108000604000270f35a4273e8c0a832fd90b11ca2c0d3c0a83201
1543693869.942445,4811763454999924262,0001080006040001b8ca3aa48bf5c0a8320870f35a4273e8c0a832fd
1543693869.942448,4811763454999924262,0001080006040001b8ca3aa48bf5c0a8320870f35a4273e8c0a832fd
1543693869.944522,4811763454999924262,000108000604000270f35a4273e8c0a832fdb8ca3aa48bf5c0a83208
1543693869.944524,4811763454999924262,000108000604000270f35a4273e8c0a832fdb8ca3aa48bf5c0a83208
1543693902.437358,4811763454999924262,0001080006040001b8ca3aa48bf5c0a8320870f35a4273e8c0a832fd
1543693902.43736,4811763454999924262,0001080006040001b8ca3aa48bf5c0a8320870f35a4273e8c0a832fd
1543693902.439465,4811763454999924262,000108000604000270f35a4273e8c0a832fdb8ca3aa48bf5c0a83208
1543693902.439468,4811763454999924262,000108000604000270f35a4273e8c0a832fdb8ca3aa48bf5c0a83208
1543693929.440988,4811763454999924262,0001080006040001b8ca3aa48bf5c0a8320870f35a4273e8c0a832fd
1543693929.440993,4811763454999924262,0001080006040001b8ca3aa48bf5c0a8320870f35a4273e8c0a832fd
1543693929.443111,4811763454999924262,000108000604000270f35a4273e8c0a832fdb8ca3aa48bf5c0a83208
1543693929.443113,4811763454999924262,000108000604000270f35a4273e8c0a832fdb8ca3aa48bf5c0a83208
1543693968.746757,4811763454999924262,0001080006040001b8ca3a7b9818c0a8320770f35a4273e8c0a832fd
1543693968.746759,4811763454999924262,0001080006040001b8ca3a7b9818c0a8320770f35a4273e8c0a832fd
1543693968.74904,4811763454999924262,000108000604000270f35a4273e8c0a832fdb8ca3a7b9818c0a83207
1543693968.749043,4811763454999924262,000108000604000270f35a4273e8c0a832fdb8ca3a7b9818c0a83207
1543693981.935132,4811763454999924262,0001080006040001b8ca3aa48bf5c0a8320870f35a4273e8c0a832fd
1543693981.935134,4811763454999924262,0001080006040001b8ca3aa48bf5c0a8320870f35a4273e8c0a832fd
1543693981.936926,4811763454999924262,000108000604000270f35a4273e8c0a832fdb8ca3aa48bf5c0a83208
1543693981.936928,4811763454999924262,000108000604000270f35a4273e8c0a832fdb8ca3aa48bf5c0a83208
1543694012.702892,4811763454999924262,0001080006040001b8ca3a7b97d6c0a8320670f35a4273e8c0a832fd
1543694012.702895,4811763454999924262,0001080006040001b8ca3a7b97d6c0a8320670f35a4273e8c0a832fd
1543694012.704923,4811763454999924262,000108000604000270f35a4273e8c0a832fdb8ca3a7b97d6c0a83206
1543694012.704925,4811763454999924262,000108000604000270f35a4273e8c0a832fdb8ca3a7b97d6c0a83206
1543694024.24616,4811763454999924262,0001080006040001b8ca3a7b9818c0a8320770f35a4273e8c0a832fd
1543694024.246163,4811763454999924262,0001080006040001b8ca3a7b9818c0a8320770f35a4273e8c0a832fd
1543694024.248329,4811763454999924262,000108000604000270f35a4273e8c0a832fdb8ca3a7b9818c0a83207
1543694024.248332,4811763454999924262,000108000604000270f35a4273e8c0a832fdb8ca3a7b9818c0a83207
1543694046.745915,4811763454999924262,0001080006040001b8ca3a7b9818c0a8320770f35a4273e8c0a832fd
1543694046.745917,4811763454999924262,0001080006040001b8ca3a7b9818c0a8320770f35a4273e8c0a832fd
1543694046.747974,4811763454999924262,000108000604000270f35a4273e8c0a832fdb8ca3a7b9818c0a83207
1543694046.747976,4811763454999924262,000108000604000270f35a4273e8c0a832fdb8ca3a7b9818c0a83207
1543694073.745616,4811763454999924262,0001080006040001b8ca3a7b9818c0a8320770f35a4273e8c0a832fd
1543694073.745618,4811763454999924262,0001080006040001b8ca3a7b9818c0a8320770f35a4273e8c0a832fd
1543694073.747285,4811763454999924262,000108000604000270f35a4273e8c0a832fdb8ca3a7b9818c0a83207
1543694073.747287,4811763454999924262,000108000604000270f35a4273e8c0a832fdb8ca3a7b9818c0a83207
1543694117.939307,4811763454999924262,0001080006040001b8ca3aa48bf5c0a8320870f35a4273e8c0a832fd
1543694117.939309,4811763454999924262,0001080006040001b8ca3aa48bf5c0a8320870f35a4273e8c0a832fd
1543694117.9415,4811763454999924262,000108000604000270f35a4273e8c0a832fdb8ca3aa48bf5c0a83208
