1218023578.251598,274173037591019141,aa410012003c4899909a00342ed50001560b
1218023578.568431,274173037591019141,aa410012003c4899909a00902e120005168a
1218023578.569608,2397807033758951915,aa310176003c489337430007ef40000f42400001504d5531202020202020202020202020003d0007000300000001564120202020202020202020202020205642202020202020202020202020202056432020202020202020202020202020446967204368616e6e656c2031202020446967204368616e6e656c2032202020446967204368616e6e656c2033202020446967204368616e6e656c2034202020446967204368616e6e656c2035202020446967204368616e6e656c2036202020446967204368616e6e656c2037202020446967204368616e6e656c2038202020446967204368616e6e656c2039202020446967204368616e6e656c2031302020446967204368616e6e656c2031312020446967204368616e6e656c2031322020446967204368616e6e656c2031332020446967204368616e6e656c2031342020446967204368616e6e656c2031352020446967204368616e6e656c2031362020000004c4000004c4000004c40000000000010001003281d2
1218023578.622812,274173037591019141,aa410012003c4899909a009c2e010002f775
1218023578.629213,8392622767063675835,aa010030003c489337430008d9a0000042c827b9bfc89ec242c7e4794027ad2742c805113f06beb00000000000001a9c
1218023578.649411,8392622767063675835,aa010030003c48933743000927c0000042c8271dbfc89ec242c7e59f4027ad2742c804cf3f06c4f90000000000005b14
1218023578.669415,8392622767063675835,aa010030003c48933743000975e0000042c826cbbfc89ec242c7e43b4027ad2742c803463f06c4f9000000000000b644
1218023578.689222,8392622767063675835,aa010030003c489337430009c400000042c82761bfc89b9e42c7e3734027aeb942c8021a3f06c4f9000000000000fe38
1218023578.709223,8392622767063675835,aa010030003c48933743000a1220000042c827a0bfc8987a42c7e25c4027b04b42c802b33f06cb41000000000000ce94
1218023578.729226,8392622767063675835,aa010030003c48933743000a6040000042c828b3bfc8955542c7e1b74027b1dd42c804403f06d18a0000000000000d62
1218023578.749427,8392622767063675835,aa010030003c48933743000aae60000042c8289dbfc8923142c7e1dc4027b37042c8039d3f06d7d2000000000000e996
1218023578.769226,8392622767063675835,aa010030003c48933743000afc80000042c827dbbfc88f0d42c7e3734027b50242c8030d3f06e463000000000000feed
1218023578.78922,8392622767063675835,aa010030003c48933743000b4aa0000042c8276bbfc88be942c7e35d4027b69442c8036b3f06eaac000000000000e955
1218023578.809425,8392622767063675835,aa010030003c48933743000b98c0000042c8271dbfc888c442c7e55d4027b82642c802f13f06eaac000000000000a9e1
1218023578.829223,8392622767063675835,aa010030003c48933743000be6e0000042c82897bfc885a042c7e3664027b9b842c802a63f06f0f4000000000000febc
1218023578.849433,8392622767063675835,aa010030003c48933743000c3500000042c82829bfc8827c42c7e3f64027bb4a42c802eb3f06f73d0000000000004625
1218023578.869229,8392622767063675835,aa010030003c48933743000c8320000042c8280abfc87c3342c7e2374027bcdc42c803eb3f0703ce0000000000002072
1218023578.889234,8392622767063675835,aa010030003c48933743000cd140000042c82790bfc8790f42c7e34d4027be6e42c803e23f070a16000000000000063d
1218023578.909225,8392622767063675835,aa010030003c48933743000d1f60000042c8278abfc875eb42c7e4ca4027c32542c804403f07105f0000000000002dc5
1218023578.929233,8392622767063675835,aa010030003c48933743000d6d80000042c82862bfc872c742c7e5be4027c96d42c803aa3f0716a7000000000000de02
1218023578.949433,8392622767063675835,aa010030003c48933743000dbba0000042c828c9bfc872c742c7e95e4027d14842c8048e3f0716a70001000000003bcb
1218023578.969234,8392622767063675835,aa010030003c48933743000e09c0000042c827e1bfc86c7e42c7ebb04027d79042c804463f0723380000000000000072
1218023578.98923,8392622767063675835,aa010030003c48933743000e57e0000042c827e8bfc8695a42c7efa44027dc4742c8058b3f072fc9000000000000a373
1218023579.009234,8392622767063675835,aa010030003c48933743000ea600000042c827d2bfc8663642c7eef24027ddd942c8039d3f072fc9000000000000a7f3
1218023579.029234,8392622767063675835,aa010030003c48933743000ef420000042c828b9bfc8663642c7efca4027ddd942c804bd3f072fc90001000000001fee
1218023579.049436,8392622767063675835,aa010030003c4893374400000000000042c82306bfc8987a42c7f3614027c64942c8098f3f06cb41000100000000814d
1218023579.069236,8392622767063675835,aa010030003c4893374400004e20000042c823a5bfc8c79942c7f5194027aeb942c809a83f0666b9000100000000d999
1218023579.08924,8392622767063675835,aa010030003c4893374400009c40000042c82457bfc8f6b942c7f49f4027972942c809763f06087a00000000000054c9
1218023579.10924,8392622767063675835,aa010030003c489337440000ea60000042c82b46bfc8f6b942c7f0574027972942c806d93f060ec200010000000040ec
1218023579.129242,8392622767063675835,aa010030003c4893374400013880000042c82984bfc8f39542c7efd34027972942c8067f3f06150b00000000000083db
1218023579.149443,8392622767063675835,aa010030003c48933744000186a0000042c829a7bfc8f07142c7f0e6402798bb42c807c43f06219c0001000000008e5b
1218023579.169239,8392622767063675835,aa010030003c489337440001d4c0000042c8295cbfc8f07142c7f1a2402798bb42c806563f061b53000100000000dffe
1218023579.189242,8392622767063675835,aa010030003c48933744000222e0000042c82afbbfc8ea2842c7f24b40279be042c806623f0627e40001000000004efa
1218023579.209246,8392622767063675835,aa010030003c4893374400027100000042c82ad3bfc8e70442c7f29240279d7242c8060e3f062e2d000100000000d348
1218023579.229444,8392622767063675835,aa010030003c489337440002bf20000042c82a43bfc8e3e042c7f2b240279f0442c807313f063abe00010000000065de
1218023579.249448,8392622767063675835,aa010030003c4893374400030d40000042c829a7bfc8e0bb42c7f3324027a09642c805bd3f0641060001000000009998
1218023579.269246,8392622767063675835,aa010030003c4893374400035b60000042c82978bfc8da7342c7f1f04027a3ba42c805c03f064d97000000000000d4e0
1218023579.289248,8392622767063675835,aa010030003c489337440003a980000042c829a7bfc8d74f42c7f3004027a54c42c805a43f0653e0000000000000b26b
1218023579.309247,8392622767063675835,aa010030003c489337440003f7a0000042c828ebbfc8d74f42c7f2414027a54c42c804233f0653e000000000000086f5
1218023579.329252,8392622767063675835,aa010030003c48933744000445c0000042c82907bfc8d10642c7f0c14027a87142c804fb3f065a28000000000000dba3
1218023579.349453,8392622767063675835,aa010030003c48933744000493e0000042c828ebbfc8d10642c7f2514027aa0342c803c33f0660710000000000009cc5
1218023579.369255,8392622767063675835,aa010030003c489337440004e200000042c829c3bfc8cabe42c7f1f94027ab9542c803f83f0666b9000000000000c54b
1218023579.389251,8392622767063675835,aa010030003c4893374400053020000042c82a46bfc8c79942c7f0084027ad2742c803fb3f066d020000000000004467
1218023579.409257,8392622767063675835,aa010030003c4893374400057e40000042c82a4fbfc8c47542c7eeb44027aeb942c8048e3f06734a000000000000f665
1218023579.429254,8392622767063675835,aa010030003c489337440005cc60000042c829bcbfc8c15142c7efa84027b04b42c8040a3f067fdb00000000000087d5
1218023579.449456,8392622767063675835,aa010030003c4893374400061a80000042c8291abfc8be2d42c7f0be4027b1dd42c804cf3f068624000000000000f42f
1218023579.46926,8392622767063675835,aa010030003c48933744000668a0000042c82901bfc8bb0842c7efec4027b37042c805fb3f068c6c0000000000009f4d
1218023579.489258,8392622767063675835,aa010030003c489337440006b6c0000042c82833bfc8b7e442c7f0bb4027b37042c806213f0692b5000000000000f4e4
1218023579.509261,8392622767063675835,aa010030003c48933744000704e0000042c828dbbfc8b19c42c7efec4027b69442c8067f3f0698fd00000000000013a4
1218023579.529265,8392622767063675835,aa010030003c4893374400075300000042c8287ebfc8ae7742c7f0284027b82642c8058b3f069f46000000000000955c
1218023579.549461,8392622767063675835,aa010030003c489337440007a120000042c8294cbfc8ab5342c7efab4027b9b842c8059a3f06a58e0000000000009ed2
1218023579.569263,8392622767063675835,aa010030003c489337440007ef40000042c82952bfc8a82f42c7ef504027bb4a42c805493f06abd7000000000000f860
1218023579.589266,8392622767063675835,aa010030003c4893374400083d60000042c82930bfc8a82f42c7f1604027bcdc42c804a03f06b21f0000000000005fde
1218023579.609268,8392622767063675835,aa010030003c4893374400088b80000042c82904bfc8a1e642c7efff4027be6e42c805c03f06b86800000000000052a3
1218023579.62927,8392622767063675835,aa010030003c489337440008d9a0000042c82804bfc89ec242c7f11f4027c00142c805b73f06beb0000000000000a8f3
1218023579.64947,8392622767063675835,aa010030003c48933744000927c0000042c827debfc89b9e42c7f0da4027c19342c8052a3f06c4f90000000000006186
1218023579.669268,8392622767063675835,aa010030003c48933744000975e0000042c82796bfc8987a42c7f0c74027c32542c805973f06cb4100000000000071e2
1218023579.689269,8392622767063675835,aa010030003c489337440009c400000042c828a6bfc8987a42c7f0ab4027c4b742c804c03f06cb41000000000000c3ea
1218023579.70927,8392622767063675835,aa010030003c48933744000a1220000042c82917bfc8923142c7ef984027c64942c8063a3f06d18a00000000000080df
1218023579.729271,8392622767063675835,aa010030003c48933744000a6040000042c828d2bfc88f0d42c7ee274027c7db42c807023f06d7d20000000000006f33
1218023579.749473,8392622767063675835,aa010030003c48933744000aae60000042c829b6bfc88be942c7efc44027c96d42c8052a3f06de1b0000000000008951
1218023579.769281,8392622767063675835,aa010030003c48933744000afc80000042c82a36bfc88be942c7eec74027caff42c803df3f06e4630000000000004438
1218023579.789283,8392622767063675835,aa010030003c48933744000b4aa0000042c82a20bfc885a042c7ed434027ce2442c8049a3f06f0f4000000000000b140
1218023579.809276,8392622767063675835,aa010030003c48933744000b98c0000042c828b0bfc8827c42c7ed8b4027cfb642c804a73f06f0f4000000000000788e
1218023579.829276,8392622767063675835,aa010030003c48933744000be6e0000042c82807bfc87f5842c7edc04027d14842c8057e3f06fd85000000000000502e
1218023579.849479,8392622767063675835,aa010030003c48933744000c3500000042c828eebfc87c3342c7ef244027d2da42c804d93f0703ce00000000000006d5
1218023579.869281,8392622767063675835,aa010030003c48933744000c8320000042c828e2bfc8790f42c7f1514027d46c42c8048e3f070a160000000000001ee2
1218023579.889279,8392622767063675835,aa010030003c48933744000cd140000042c82965bfc875eb42c7f07c4027d5fe42c802523f07105f000000000000eada
1218023579.909285,8392622767063675835,aa010030003c48933744000d1f60000042c82943bfc872c742c7f0e34027d79042c803c33f0716a7000000000000b49e
1218023579.929282,8392622767063675835,aa010030003c48933744000d6d80000042c828ccbfc86fa242c7eeca4027d92242c8038a3f071cf00000000000009eae
1218023579.949485,8392622767063675835,aa010030003c48933744000dbba0000042c827f1bfc86c7e42c7ee884027dab542c806243f0729810000000000000c99
1218023579.969289,8392622767063675835,aa010030003c48933744000e09c0000042c827f1bfc8695a42c7eefc4027dc4742c805df3f072981000000000000026b
1218023579.98929,8392622767063675835,aa010030003c48933744000e57e0000042c82836bfc8663642c7ef924027ddd942c805f23f072fc90000000000002af5
1218023580.009287,8392622767063675835,aa010030003c48933744000ea600000042c828f4bfc8631142c7f14d4027df6b42c8049d3f073612000000000000087f
1218023580.02929,8392622767063675835,aa010030003c48933744000ef420000042c8281dbfc85fed42c7f0dd4027e0fd42c805f53f0742a30000000000006956
1218023580.04949,8392622767063675835,aa010030003c4893374500000000000042c821d0bfc88f0d42c7f0e34027c96d42c808c43f06d7d20000000000002165
1218023580.069292,8392622767063675835,aa010030003c4893374500004e20000042c82121bfc8c47542c7f15d4027b04b42c807dd3f066d020000000000007ede
1218023580.089294,8392622767063675835,aa010030003c4893374500009c40000042c820f6bfc8f6b942c7f0f04027972942c8079e3f06087a000000000000b142
1218023580.109292,8392622767063675835,aa010030003c489337450000ea60000042c82696bfc8f39542c7ee634027972942c804df3f06150b000000000000e42c
1218023580.129294,8392622767063675835,aa010030003c4893374500013880000042c8269cbfc8f07142c7ed0e402798bb42c805df3f06219c00000000000074fa
1218023580.149497,8392622767063675835,aa010030003c48933745000186a0000042c826eebfc8ea2842c7edc640279a4e42c803713f06219c000000000000d917
1218023580.169294,8392622767063675835,aa010030003c489337450001d4c0000042c8272cbfc8ea2842c7ef1e40279be042c803203f062e2d00000000000062a4
1218023580.189298,8392622767063675835,aa010030003c48933745000222e0000042c82700bfc8e3e042c7eec040279f0442c803203f063475000000000000b180
1218023580.209299,8392622767063675835,aa010030003c4893374500027100000042c8274bbfc8e0bb42c7eed640279f0442c803c63f063abe0000000000007454
1218023580.229298,8392622767063675835,aa010030003c489337450002bf20000042c8274bbfc8e0bb42c7ed2a4027a22842c8040a3f063abe0000000000003c47
1218023580.249501,8392622767063675835,aa010030003c4893374500030d40000042c82852bfc8da7342c7ed784027a22842c8037e3f0641060000000000002099
1218023580.269303,8392622767063675835,aa010030003c4893374500035b60000042c8284fbfc8d74f42c7edb44027a54c42c803c93f064d9700000000000068b5
1218023580.289302,8392622767063675835,aa010030003c489337450003a980000042c82858bfc8d42a42c7ed7b4027a6df42c802e23f0653e0000000000000df5a
1218023580.309502,8392622767063675835,aa010030003c489337450003f7a0000042c82796bfc8d10642c7ee914027a87142c8016e3f065a28000000000000d97c
1218023580.329306,8392622767063675835,aa010030003c48933745000445c0000042c82661bfc8cde242c7ee914027aa0342c8033f3f0666b9000000000000150d
1218023580.349517,8392622767063675835,aa010030003c48933745000493e0000042c8262cbfc8cabe42c7ed824027ab9542c803973f066d02000000000000fd99
1218023580.369309,8392622767063675835,aa010030003c489337450004e200000042c826a6bfc8c79942c7ec8b4027ab9542c804273f066d020000000000004b29
1218023580.389506,8392622767063675835,aa010030003c4893374500053020000042c827afbfc8c47542c7ec074027aeb942c804873f06734a000000000000e84c
1218023580.409311,8392622767063675835,aa010030003c4893374500057e40000042c826ebbfc8c15142c7ebee4027b04b42c804013f067fdb0000000000006b93
1218023580.429507,8392622767063675835,aa010030003c489337450005cc60000042c8263cbfc8be2d42c7ecd94027b1dd42c803173f068624000000000000e9e8
1218023580.449515,8392622767063675835,aa010030003c4893374500061a80000042c82651bfc8b7e442c7ed5c4027b37042c802c93f068c6c000000000000f2eb
1218023580.469315,8392622767063675835,aa010030003c48933745000668a0000042c82726bfc8b4c042c7ed464027b50242c803743f0692b5000000000000146c
1218023580.489315,8392622767063675835,aa010030003c489337450006b6c0000042c827a0bfc8b19c42c7ec9d4027b69442c803233f0698fd0000000000003ee8
1218023580.509315,8392622767063675835,aa010030003c48933745000704e0000042c826e4bfc8ae7742c7ee1b4027b82642c802583f069f460000000000000cfa
1218023580.529318,8392622767063675835,aa010030003c4893374500075300000042c8279abfc8ab5342c7edf24027b9b842c803303f06a58e000000000000db98
1218023580.549515,8392622767063675835,aa010030003c489337450007a120000042c8272fbfc8a82f42c7eeaa4027bb4a42c802103f06abd7000000000000fc13
1218023580.569324,8392622767063675835,aa010030003c489337450007ef40000042c827ccbfc8a50b42c7ece54027be6e42c802b03f06b21f0000000000002170
1218023580.58932,8392622767063675835,aa010030003c4893374500083d60000042c826b9bfc8a1e642c7ed884027c00142c801b63f06beb0000000000000717a
1218023580.609318,8392622767063675835,aa010030003c4893374500088b80000042c8264bbfc89ec242c7eefc4027c19342c802b93f06beb00000000000005f81
1218023580.629321,8392622767063675835,aa010030003c489337450008d9a0000042c82603bfc89b9e42c7eeb14027c32542c8033f3f06cb4100000000000026e0
1218023580.649521,8392622767063675835,aa010030003c48933745000927c0000042c82599bfc89b9e42c7eea44027c32542c803e23f06cb41000000000000fc45
1218023580.669321,8392622767063675835,aa010030003c48933745000975e0000042c82664bfc8987a42c7ee2d4027c32542c802cf3f06cb410000000000008516
1218023580.689325,8392622767063675835,aa010030003c489337450009c400000042c825cbbfc8987a42c7ee024027c4b742c8025b3f06cb410000000000000142
1218023580.709324,8392622767063675835,aa010030003c48933745000a1220000042c8268abfc8923142c7ece54027c64942c803073f06d7d2000000000000ead3
1218023580.729324,8392622767063675835,aa010030003c48933745000a6040000042c825f4bfc88f0d42c7ed494027c7db42c8037e3f06de1b0000000000002091
1218023580.749528,8392622767063675835,aa010030003c48933745000aae60000042c8261fbfc88be942c7eb434027c96d42c803813f06e463000000000000da05
1218023580.76933,8392622767063675835,aa010030003c48933745000afc80000042c825dbbfc888c442c7ed244027cc9142c803363f06eaac000000000000219c
1218023580.789335,8392622767063675835,aa010030003c48933745000b4aa0000042c82687bfc888c442c7ecf54027cc9142c802b93f06eaac0000000000009c55
1218023580.809332,8392622767063675835,aa010030003c48933745000b98c0000042c82781bfc885a042c7ed654027cfb642c802de3f06f73d000000000000f49e
1218023580.829332,8392622767063675835,aa010030003c48933745000be6e0000042c826eebfc87f5842c7ecb64027cfb642c802cc3f06f73d000000000000a228
1218023580.849539,8392622767063675835,aa010030003c48933745000c3500000042c825e7bfc87c3342c7ee6c4027d2da42c802773f0703ce000000000000d1e0
1218023580.869334,8392622767063675835,aa010030003c48933745000c8320000042c825f7bfc8790f42c7ee114027d46c42c802fe3f070a160000000000004178
1218023580.889336,8392622767063675835,aa010030003c48933745000cd140000042c82677bfc875eb42c7ef764027d46c42c8022c3f07105f000000000000cc2e
1218023580.909337,8392622767063675835,aa010030003c48933745000d1f60000042c826fabfc872c742c7ee9e4027d79042c802743f0716a70000000000004daf
1218023580.929336,8392622767063675835,aa010030003c48933745000d6d80000042c826a6bfc86fa242c7eef24027d92242c802653f071cf0000000000000aedd
1218023580.949537,8392622767063675835,aa010030003c48933745000dbba0000042c82720bfc86c7e42c7ede64027dab542c800d83f072338000000000000b9b4
1218023580.96934,8392622767063675835,aa010030003c48933745000e09c0000042c82752bfc8695a42c7eda44027dc4742c803173f0729810000000000000c4f
1218023580.989339,8392622767063675835,aa010030003c48933745000e57e0000042c82661bfc8663642c7ee564027ddd942c801ee3f072fc90000000000009120
1218023581.009343,8392622767063675835,aa010030003c48933745000ea600000042c8261cbfc8631142c7ed654027df6b42c803523f07361200000000000091b5
1218023581.029344,8392622767063675835,aa010030003c48933745000ef420000042c8257dbfc85fed42c7eee34027e0fd42c801993f073c5a000000000000ef9d
1218023581.049542,8392622767063675835,aa010030003c4893374600000000000042c81efbbfc8923142c7f1094027c7db42c806723f06d18a0000000000005e11
1218023581.069343,8392622767063675835,aa010030003c4893374600004e20000042c81ea4bfc8cabe42c7f2254027ad2742c804203f066071000000000000f7ea
1218023581.089345,8392622767063675835,aa010030003c4893374600009c40000042c81e8bbfc9002642c7f0bb4027940542c8050b3f05f5a00000000000006843
1218023581.109347,8392622767063675835,aa010030003c489337460000ea60000042c825a6bfc8f9dd42c7ed824027940542c800bf3f0602310000000000009904
1218023581.129348,8392622767063675835,aa010030003c4893374600013880000042c825e4bfc8f6b942c7ec944027959742c802613f060ec200000000000061eb
1218023581.149552,8392622767063675835,aa010030003c48933746000186a0000042c825bbbfc8f39542c7ebc94027972942c801203f060ec2000000000000061e
1218023581.169551,8392622767063675835,aa010030003c489337460001d4c0000042c82516bfc8f07142c7ecdc4027972942c802583f06150b000000000000e4f6
1218023581.189354,8392622767063675835,aa010030003c48933746000222e0000042c8241cbfc8ed4c42c7ec8840279a4e42c802f43f06219c000000000000c34b
1218023581.209349,8392622767063675835,aa010030003c4893374600027100000042c8243bbfc8ea2842c7ed8240279a4e42c803843f0627e400000000000005d8
1218023581.229351,8392622767063675835,aa010030003c489337460002bf20000042c8239cbfc8e70442c7eed040279be042c801fd3f063475000000000000b29e
1218023581.249556,8392622767063675835,aa010030003c4893374600030d40000042c8241cbfc8e3e042c7ed0540279f0442c800993f0634750000000000000195
1218023581.269357,8392622767063675835,aa010030003c4893374600035b60000042c82441bfc8e0bb42c7ee244027a09642c801673f0641060000000000001870
1218023581.289358,8392622767063675835,aa010030003c489337460003a980000042c82510bfc8e0bb42c7ec9d4027a22842c800963f064106000000000000797c
1218023581.30936,8392622767063675835,aa010030003c489337460003f7a0000042c825e4bfc8da7342c7ec914027a22842c801b63f06474f000000000000d808
1218023581.329357,8392622767063675835,aa010030003c48933746000445c0000042c825bbbfc8d74f42c7eba74027a54c42c801393f064d97000000000000794d
1218023581.34956,8392622767063675835,aa010030003c48933746000493e0000042c825e4bfc8d42a42c7ecd34027a6df42c801fa3f065a28000000000000edd6
1218023581.369363,8392622767063675835,aa010030003c489337460004e200000042c8250cbfc8d42a42c7edbd4027a6df42c800cb3f065a280000000000003dcb
1218023581.38936,8392622767063675835,aa010030003c4893374600053020000042c8253ebfc8d10642c7ecec4027a87142c8017d3f065a28000000000000fe16
1218023581.409365,8392622767063675835,aa010030003c4893374600057e40000042c82567bfc8d10642c7edbd4027a87142c8012f3f066071000000000000ec44
1218023581.429363,8392622767063675835,aa010030003c489337460005cc60000042c82610bfc8cde242c7eb944027aa0342c8021a3f0666b900000000000004ab
1218023581.449564,8392622767063675835,aa010030003c4893374600061a80000042c8263cbfc8cabe42c7ec6b4027ab9542c802233f066d020000000000004996
1218023581.469366,8392622767063675835,aa010030003c48933746000668a0000042c82648bfc8c47542c7e9c84027aeb942c800d13f06734a0000000000000a9d
1218023581.489374,8392622767063675835,aa010030003c489337460006b6c0000042c825acbfc8c15142c7eb784027aeb942c8016e3f067993000000000000b031
1218023581.50937,8392622767063675835,aa010030003c48933746000704e0000042c82586bfc8be2d42c7ee0e4027b04b42c7ff803f067fdb00000000000075f8
1218023581.529374,8392622767063675835,aa010030003c4893374600075300000042c82554bfc8be2d42c7eeba4027b1dd42c800263f068c6c0000000000005a07
1218023581.549574,8392622767063675835,aa010030003c489337460007a120000042c825dbbfc8bb0842c7ee4d4027b37042c800bf3f0692b5000000000000ace3
1218023581.56937,8392622767063675835,aa010030003c489337460007ef40000042c82570bfc8b4c042c7ecb04027b50242c800bf3f0692b50000000000008541
1218023581.589374,8392622767063675835,aa010030003c4893374600083d60000042c824f7bfc8b19c42c7ecf54027b69442c802483f069f46000000000000984d
1218023581.609375,8392622767063675835,aa010030003c4893374600088b80000042c823e0bfc8ae7742c7eeb14027b82642c801d83f06a58e0000000000009b6b
1218023581.629376,8392622767063675835,aa010030003c489337460008d9a0000042c823c7bfc8ab5342c7ed3d4027bb4a42c801423f06abd70000000000009b08
1218023581.649575,8392622767063675835,aa010030003c48933746000927c0000042c82451bfc8a82f42c7edb04027bb4a42c800c53f06b21f000000000000da2b
1218023581.66938,8392622767063675835,aa010030003c48933746000975e0000042c824e7bfc8a50b42c7ebaa4027be6e42c7ffce3f06b21f000000000000fc34
1218023581.689376,8392622767063675835,aa010030003c489337460009c400000042c825bfbfc8a1e642c7ece24027c00142c7fe4a3f06b8680000000000003b82
1218023581.709379,8392622767063675835,aa010030003c48933746000a1220000042c825acbfc89ec242c7ec6b4027c19342c7ff993f06beb00000000000000441
1218023581.729379,8392622767063675835,aa010030003c48933746000a6040000042c82589bfc8987a42c7ed0b4027c32542c7ff863f06cb41000000000000cf05
1218023581.749584,8392622767063675835,aa010030003c48933746000aae60000042c82570bfc8955542c7ee634027c4b742c800163f06d18a000000000000d7fe
1218023581.769384,8392622767063675835,aa010030003c48933746000afc80000042c82561bfc8923142c7ee784027c7db42c7ff763f06d7d2000000000000c497
1218023581.789385,8392622767063675835,aa010030003c48933746000b4aa0000042c82626bfc88f0d42c7ed2a4027c96d42c7ff893f06d7d2000000000000d7dd
1218023581.809383,8392622767063675835,aa010030003c48933746000b98c0000042c825f4bfc88be942c7eddf4027caff42c800f43f06e46300000000000062b3
1218023581.82939,8392622767063675835,aa010030003c48933746000be6e0000042c826b2bfc888c442c7ecb04027cc9142c800483f06e4630000000000004c95
1218023581.84959,8392622767063675835,aa010030003c48933746000c3500000042c82699bfc885a042c7ec1d4027ce2442c7ffea3f06eaac000000000000110b
1218023581.869389,8392622767063675835,aa010030003c48933746000c8320000042c826e7bfc8827c42c7ec274027cfb642c800423f06f0f4000000000000c90a
1218023581.889389,8392622767063675835,aa010030003c48933746000cd140000042c82613bfc87f5842c7ecef4027d14842c7ff483f06f73d000000000000ecad
1218023581.909393,8392622767063675835,aa010030003c48933746000d1f60000042c82590bfc87c3342c7ee634027d2da42c7ff2b3f06fd85000000000000fa6f
1218023581.929393,8392622767063675835,aa010030003c48933746000d6d80000042c824afbfc8790f42c7ed244027d46c42c7ff673f0703ce00000000000043ad
1218023581.949591,8392622767063675835,aa010030003c48933746000dbba0000042c824d7bfc875eb42c7ed084027d5fe42c800673f070a16000000000000ad69
1218023581.969396,8392622767063675835,aa010030003c48933746000e09c0000042c82532bfc872c742c7ec144027d79042c8007d3f07105f000000000000e4e4
1218023581.989393,8392622767063675835,aa010030003c48933746000e57e0000042c8255bbfc86fa242c7ebe54027d92242c7ffd43f0716a70000000000002501
1218023582.009396,8392622767063675835,aa010030003c48933746000ea600000042c8247abfc86c7e42c7ecc94027dab542c800f13f071cf0000000000000abb4
1218023582.029398,8392622767063675835,aa010030003c48933746000ef420000042c8241fbfc8695a42c7ec6f4027dc4742c801713f07233800000000000038a9
1218023582.049599,8392622767063675835,aa010030003c4893374700000000000042c81e7bbfc89b9e42c7eee94027c4b742c804813f06b86800000000000089b6
1218023582.069399,8392622767063675835,aa010030003c4893374700004e20000042c81ec3bfc8cabe42c7f0154027ab9542c804333f065a28000000000000e667
1218023582.089398,8392622767063675835,aa010030003c4893374700009c40000042c81f6cbfc8f9dd42c7f0954027940542c804113f05f5a0000000000000998b
1218023582.109403,8392622767063675835,aa010030003c489337470000ea60000042c82567bfc8f9dd42c7eee34027940542c800ce3f0602310000000000002199
1218023582.129402,8392622767063675835,aa010030003c4893374700013880000042c8268dbfc8f6b942c7ec1a4027959742c800e43f06087a000000000000c246
1218023582.149607,8392622767063675835,aa010030003c48933747000186a0000042c82623bfc8f39542c7ec5c4027972942c800613f060ec200000000000043b6
1218023582.169407,8392622767063675835,aa010030003c489337470001d4c0000042c825a6bfc8f07142c7eb3940279a4e42c8008d3f06150b0000000000000475
1218023582.189405,8392622767063675835,aa010030003c48933747000222e0000042c8250cbfc8ea2842c7ed5640279a4e42c801523f061b530000000000002b6f
1218023582.209406,8392622767063675835,aa010030003c4893374700027100000042c8253bbfc8e70442c7ed5f40279be042c8010d3f06219c000000000000fdb9
1218023582.229407,8392622767063675835,aa010030003c489337470002bf20000042c825e4bfc8e3e042c7ec4940279f0442c8029a3f0627e4000000000000f3cc
1218023582.249608,8392622767063675835,aa010030003c4893374700030d40000042c826cbbfc8e0bb42c7ed0e4027a09642c801db3f062e2d0000000000000ffd
1218023582.269411,8392622767063675835,aa010030003c4893374700035b60000042c82677bfc8dd9742c7ed404027a22842c800db3f062e2d00000000000019a0
1218023582.289412,8392622767063675835,aa010030003c489337470003a980000042c82726bfc8da7342c7ee594027a22842c8008a3f063abe000000000000ec7a
1218023582.309413,8392622767063675835,aa010030003c489337470003f7a0000042c826e1bfc8da7342c7edcd4027a54c42c7ff3e3f064106000000000000fb90
1218023582.329414,8392622767063675835,aa010030003c48933747000445c0000042c82710bfc8d42a42c7edbd4027a6df42c7ff643f06474f000000000000f16f
1218023582.349415,8392622767063675835,aa010030003c48933747000493e0000042c82699bfc8d10642c7ee9b4027a87142c7ffd73f064d9700000000000064f8
1218023582.369419,8392622767063675835,aa010030003c489337470004e200000042c82658bfc8cde242c7eddc4027aa0342c7ff9c3f0653e0000000000000317f
1218023582.389422,8392622767063675835,aa010030003c4893374700053020000042c826b5bfc8cabe42c7eda44027ab9542c7ff7d3f065a2800000000000080b2
1218023582.409419,8392622767063675835,aa010030003c4893374700057e40000042c82623bfc8c79942c7ed0b4027ad2742c7ff283f06607100000000000021c3
1218023582.429421,8392622767063675835,aa010030003c489337470005cc60000042c8260abfc8c47542c7ed464027aeb942c7ffb53f0666b90000000000006dae
1218023582.449617,8392622767063675835,aa010030003c4893374700061a80000042c824d1bfc8c15142c7ed2d4027b04b42c800db3f066d02000000000000e582
1218023582.469418,8392622767063675835,aa010030003c48933747000668a0000042c82529bfc8bb0842c7ecba4027b1dd42c8013f3f06734a000000000000083a
1218023582.489423,8392622767063675835,aa010030003c489337470006b6c0000042c82542bfc8b7e442c7ed334027b37042c8003f3f067993000000000000ff83
1218023582.509425,8392622767063675835,aa010030003c48933747000704e0000042c82736bfc8b4c042c7eadf4027b50242c7fe803f067fdb000000000000feb5
1218023582.529427,8392622767063675835,aa010030003c4893374700075300000042c826e7bfc8b19c42c7ebeb4027b69442c7feb53f0686240000000000002c00
1218023582.549428,8392622767063675835,aa010030003c489337470007a120000042c826a3bfc8ae7742c7eb7b4027b9b842c7fdb83f068c6c000000000000112d
1218023582.569426,8392622767063675835,aa010030003c489337470007ef40000042c824fdbfc8ab5342c7ecaa4027bb4a42c7ff703f0698fd000000000000785c
1218023582.589426,8392622767063675835,aa010030003c4893374700083d60000042c82561bfc8a82f42c7ec4f4027bcdc42c7fe993f0698fd000000000000b56a
1218023582.60943,8392622767063675835,aa010030003c4893374700088b80000042c8251fbfc8a50b42c7ef084027be6e42c7fe413f06a58e0000000000007605
1218023582.62943,8392622767063675835,aa010030003c489337470008d9a0000042c8254bbfc8a50b42c7ee0e4027be6e42c7ff0c3f06a58e0000000000004e2d
1218023582.649435,8392622767063675835,aa010030003c48933747000927c0000042c824fdbfc8a1e642c7ee7c4027be6e42c7fe7c3f06a58e00000000000028ea
1218023582.669434,8392622767063675835,aa010030003c48933747000975e0000042c824d7bfc8a1e642c7ed3a4027c00142c7ff443f06a58e0000000000004f09
1218023582.689434,8392622767063675835,aa010030003c489337470009c400000042c82548bfc89ec242c7ed334027c19342c7fe993f06abd700000000000067be
1218023582.709432,8392622767063675835,aa010030003c48933747000a1220000042c82574bfc8987a42c7eba34027c4b742c7ff863f06b21f0000000000008abb
1218023582.729433,8392622767063675835,aa010030003c48933747000a6040000042c82616bfc8955542c7ec914027c4b742c7ff513f06b868000000000000cb6e
1218023582.749438,8392622767063675835,aa010030003c48933747000aae60000042c82610bfc8923142c7ec754027c7db42c7ff283f06c4f90000000000004e76
1218023582.769439,8392622767063675835,aa010030003c48933747000afc80000042c825acbfc88f0d42c7ecb34027c96d42c7fecb3f06c4f9000000000000db88
1218023582.789439,8392622767063675835,aa010030003c48933747000b4aa0000042c825d1bfc88be942c7ecbd4027c96d42c7ff8f3f06cb41000000000000abdf
1218023582.809443,8392622767063675835,aa010030003c48933747000b98c0000042c82655bfc888c442c7eca74027cc9142c7fef93f06d7d20000000000001241
1218023582.82944,8392622767063675835,aa010030003c48933747000be6e0000042c826afbfc885a042c7ecec4027ce2442c7fe1c3f06d7d2000000000000d33b
1218023582.849439,8392622767063675835,aa010030003c48933747000c3500000042c825e4bfc8827c42c7ee664027cfb642c7fe9c3f06e4630000000000001784
1218023582.869445,8392622767063675835,aa010030003c48933747000c8320000042c825f7bfc87f5842c7ed9e4027d14842c7fe183f06e4630000000000000e15
1218023582.889446,8392622767063675835,aa010030003c48933747000cd140000042c8263cbfc87c3342c7ee6f4027d2da42c7fdda3f06f0f4000000000000bcdd
1218023582.909451,8392622767063675835,aa010030003c48933747000d1f60000042c8271dbfc8790f42c7ebd94027d46c42c7fe2e3f06f0f4000000000000f518
1218023582.92945,8392622767063675835,aa010030003c48933747000d6d80000042c8260dbfc875eb42c7ec784027d5fe42c7fe993f06f73d0000000000005767
1218023582.949446,8392622767063675835,aa010030003c48933747000dbba0000042c825bfbfc872c742c7ec014027d79042c7fed73f06fd85000000000000fbb4
1218023582.969446,8392622767063675835,aa010030003c48933747000e09c0000042c82532bfc86fa242c7ed754027d92242c7fe763f0703ce000000000000f672
1218023582.989449,8392622767063675835,aa010030003c48933747000e57e0000042c8257dbfc8695a42c7ec0e4027dab542c7fece3f070a160000000000006b7f
1218023583.009451,8392622767063675835,aa010030003c48933747000ea600000042c82557bfc8663642c7ed564027ddd942c7fdab3f07105f000000000000ea46
1218023583.02945,8392622767063675835,aa010030003c48933747000ef420000042c8260dbfc8631142c7ee7f4027ddd942c7fce03f0716a7000000000000a7b2
1218023583.049454,8392622767063675835,aa010030003c4893374800000000000042c8208ebfc8987a42c7f2514027c7db42c7ff8c3f06abd70000000000007a83
1218023583.069455,8392622767063675835,aa010030003c4893374800004e20000042c82269bfc8cabe42c7f2124027ad2742c800263f06474f0000000000009076
1218023583.089453,8392622767063675835,aa010030003c4893374800009c40000042c8225abfc8fd0242c7f3ea4027940542c802613f05e2c70000000000002272
1218023583.109453,8392622767063675835,aa010030003c489337480000ea60000042c8289dbfc8f6b942c7eecd4027959742c7fff73f05ef58000000000000c587
1218023583.129457,8392622767063675835,aa010030003c4893374800013880000042c82796bfc8f39542c7efe04027972942c7ff4b3f05f5a00000000000009b7b
1218023583.149458,8392622767063675835,aa010030003c48933748000186a0000042c82796bfc8f07142c7ef8b402798bb42c7ff2b3f05fbe9000000000000b163
1218023583.169458,8392622767063675835,aa010030003c489337480001d4c0000042c827acbfc8ed4c42c7eeba40279a4e42c7feea3f0602310000000000003271
1218023583.189461,8392622767063675835,aa010030003c48933748000222e0000042c82716bfc8ea2842c7eed640279be042c7ff7d3f06087a000000000000a881
1218023583.209464,8392622767063675835,aa010030003c4893374800027100000042c8277dbfc8e70442c7ef0240279be042c7ff1f3f060ec20000000000001173
1218023583.22946,8392622767063675835,aa010030003c489337480002bf20000042c827e8bfc8e3e042c7ee0240279f0442c7fe9c3f06150b00000000000060d7
1218023583.249465,8392622767063675835,aa010030003c4893374800030d40000042c8293cbfc8e0bb42c7edc64027a09642c7fe8f3f061b530000000000008705
1218023583.269466,8392622767063675835,aa010030003c4893374800035b60000042c82911bfc8dd9742c7efe94027a22842c7feab3f06219c0000000000001796
1218023583.289468,8392622767063675835,aa010030003c489337480003a980000042c8287bbfc8da7342c7f0f34027a3ba42c7fdc13f0627e4000000000000f024
1218023583.309468,8392622767063675835,aa010030003c489337480003f7a0000042c82771bfc8d74f42c7effc4027a54c42c7fd863f062e2d0000000000007d2d
1218023583.329469,8392622767063675835,aa010030003c48933748000445c0000042c82768bfc8d42a42c7ef0b4027a6df42c800133f06347500000000000057c8
1218023583.349467,8392622767063675835,aa010030003c48933748000493e0000042c82877bfc8d10642c7ee534027a87142c7ffc13f063abe000000000000a2e0
1218023583.369468,8392622767063675835,aa010030003c489337480004e200000042c828febfc8cde242c7ee5f4027aa0342c7ff963f063abe000000000000b099
1218023583.389471,8392622767063675835,aa010030003c4893374800053020000042c8291dbfc8cabe42c7eea14027ab9542c7fee03f06474f000000000000bc12
1218023583.409475,8392622767063675835,aa010030003c4893374800057e40000042c8288abfc8c47542c7ee114027ad2742c800033f064d970000000000006cf3
1218023583.429476,8392622767063675835,aa010030003c489337480005cc60000042c82823bfc8c15142c7ed274027b04b42c7fef63f0653e00000000000001dbb
1218023583.449477,8392622767063675835,aa010030003c4893374800061a80000042c82810bfc8be2d42c7edff4027b04b42c7ff893f065a280000000000001df2
1218023583.469474,8392622767063675835,aa010030003c48933748000668a0000042c826c2bfc8bb0842c7eeae4027b1dd42c7fef63f066071000000000000e6a2
1218023583.489486,8392622767063675835,aa010030003c489337480006b6c0000042c82716bfc8b7e442c7ee854027b37042c7ff543f0666b90000000000005a15
1218023583.509481,8392622767063675835,aa010030003c48933748000704e0000042c82710bfc8b4c042c7eefc4027b50242c7fe513f066d020000000000006ea2
1218023583.529481,8392622767063675835,aa010030003c4893374800075300000042c827f4bfc8b19c42c7efd34027b82642c7fd983f06734a00000000000043c9
1218023583.549482,8392622767063675835,aa010030003c489337480007a120000042c827f4bfc8ae7742c7edba4027b9b842c7fec13f0679930000000000007b63
1218023583.569483,8392622767063675835,aa010030003c489337480007ef40000042c82713bfc8ab5342c7f0214027bb4a42c7fcda3f067fdb0000000000004534
1218023583.589481,8392622767063675835,aa010030003c4893374800083d60000042c8267dbfc8a82f42c7ef1b4027bcdc42c7ff063f0686240000000000002506
1218023583.609483,8392622767063675835,aa010030003c4893374800088b80000042c8256abfc8a50b42c7ef634027be6e42c7fe953f0692b5000000000000d382
1218023583.629482,8392622767063675835,aa010030003c489337480008d9a0000042c825d1bfc89ec242c7ef474027c00142c7fe0c3f0698fd0000000000009f69
1218023583.649484,8392622767063675835,aa010030003c48933748000927c0000042c82632bfc89b9e42c7ee344027c19342c7fd823f069f46000000000000233d
1218023583.669487,8392622767063675835,aa010030003c48933748000975e0000042c82716bfc8987a42c7ee9b4027c32542c7fded3f069f460000000000008219
1218023583.689489,8392622767063675835,aa010030003c489337480009c400000042c82771bfc8987a42c7eeb44027c4b742c7fdea3f06a58e0000000000004ddb
1218023583.709486,8392622767063675835,aa010030003c48933748000a1220000042c82858bfc8955542c7edd34027c64942c7fd2b3f06a58e000000000000b527
1218023583.729489,8392622767063675835,aa010030003c48933748000a6040000042c82752bfc8923142c7ef8f4027c64942c7fe153f06b21f00000000000030b1
1218023583.749492,8392622767063675835,aa010030003c48933748000aae60000042c82729bfc88f0d42c7ee214027c96d42c7fded3f06b8680000000000007bf8
1218023583.769491,8392622767063675835,aa010030003c48933748000afc80000042c826d2bfc88be942c7ee5c4027caff42c7fe183f06beb00000000000008eba
1218023583.789494,8392622767063675835,aa010030003c48933748000b4aa0000042c8278abfc888c442c7ed5c4027cc9142c7fd923f06beb000000000000030e2
1218023583.809494,8392622767063675835,aa010030003c48933748000b98c0000042c827febfc885a042c7eddc4027ce2442c7fd373f06cb4100000000000022a8
1218023583.829493,8392622767063675835,aa010030003c48933748000be6e0000042c82726bfc8827c42c7ef1e4027cfb642c7fd543f06cb410000000000009a8d
1218023583.849499,8392622767063675835,aa010030003c48933748000c3500000042c827c2bfc87f5842c7ed974027d14842c7fd4a3f06d18a000000000000ba88
1218023583.869501,8392622767063675835,aa010030003c48933748000c8320000042c826cebfc87c3342c7ee914027d2da42c7fd153f06d7d2000000000000c67c
1218023583.8895,8392622767063675835,aa010030003c48933748000cd140000042c82777bfc875eb42c7edfb4027d46c42c7fd733f06e46300000000000014ce
1218023583.909501,8392622767063675835,aa010030003c48933748000d1f60000042c826eebfc872c742c7ee0e4027d5fe42c7fde03f06e463000000000000d2a8
1218023583.929497,8392622767063675835,aa010030003c48933748000d6d80000042c8275bbfc86fa242c7ecf84027d79042c7fd3e3f06eaac0000000000009219
1218023583.949499,8392622767063675835,aa010030003c48933748000dbba0000042c82723bfc86c7e42c7edc34027d92242c7fe703f06f73d000000000000e8da
1218023583.969504,8392622767063675835,aa010030003c48933748000e09c0000042c82771bfc86c7e42c7eccc4027dab542c7fd823f06f73d0000000000001a12
1218023583.989505,8392622767063675835,aa010030003c48933748000e57e0000042c82784bfc8695a42c7ee274027dab542c7fe473f06fd85000000000000e187
1218023584.009505,8392622767063675835,aa010030003c48933748000ea600000042c82777bfc8631142c7ee184027dc4742c7fde63f0703ce000000000000a669
1218023584.029508,8392622767063675835,aa010030003c48933748000ef420000042c826d5bfc85fed42c7eec04027ddd942c7fe543f070a160000000000006bdc
1218023584.049509,8392622767063675835,aa010030003c4893374900000000000042c82124bfc8923142c7f2324027c7db42c8014b3f06a58e000000000000923a
1218023584.069506,8392622767063675835,aa010030003c4893374900004e20000042c82282bfc8c47542c7f2924027aeb942c800163f063abe00000000000087f2
1218023584.089506,8392622767063675835,aa010030003c4893374900009c40000042c823f9bfc8f6b942c7f41c4027959742c8002f3f05d63600000000000089f5
1218023584.109509,8392622767063675835,aa010030003c489337490000ea60000042c829b6bfc8f39542c7f0414027959742c7ff803f05e2c7000000000000e91d
1218023584.129513,8392622767063675835,aa010030003c4893374900013880000042c829a7bfc8f07142c7ef6c4027972942c7feb83f05e90f000000000000d07b
1218023584.149515,8392622767063675835,aa010030003c48933749000186a0000042c828b6bfc8ed4c42c7efb7402798bb42c7ff833f05ef58000000000000d951
1218023584.169515,8392622767063675835,aa010030003c489337490001d4c0000042c82946bfc8ea2842c7ef1b40279a4e42c7fe8c3f05fbe90000000000007265
1218023584.189516,8392622767063675835,aa010030003c48933749000222e0000042c82796bfc8e70442c7f17640279a4e42c7feb23f0602310000000000008f66
1218023584.209514,8392622767063675835,aa010030003c4893374900027100000042c8278dbfc8e3e042c7f12840279d7242c7ff3e3f06087a0000000000006d30
1218023584.229514,8392622767063675835,aa010030003c489337490002bf20000042c82720bfc8e0bb42c7f19840279f0442c7fd573f060ec20000000000005f5e
1218023584.24952,8392622767063675835,aa010030003c4893374900030d40000042c828a6bfc8dd9742c7f0ff4027a09642c7fcf03f060ec2000000000000b1c5
1218023584.269521,8392622767063675835,aa010030003c4893374900035b60000042c82978bfc8da7342c7f13e4027a09642c7fc183f06150b0000000000002b73
1218023584.289521,8392622767063675835,aa010030003c489337490003a980000042c8299dbfc8d74f42c7ef5d4027a3ba42c7fdc43f061b53000000000000aa33
1218023584.309523,8392622767063675835,aa010030003c489337490003f7a0000042c82890bfc8d10642c7ef1b4027a54c42c7fd8f3f06219c0000000000002e6a
1218023584.329519,8392622767063675835,aa010030003c48933749000445c0000042c82829bfc8cde242c7f14a4027a6df42c7fd893f0627e4000000000000605f
1218023584.349523,8392622767063675835,aa010030003c48933749000493e0000042c82810bfc8cabe42c7f17f4027a87142c7fdf93f063475000000000000cd01
1218023584.369526,8392622767063675835,aa010030003c489337490004e200000042c82901bfc8c79942c7f1f04027aa0342c7fc1e3f0634750000000000001b82
1218023584.389522,8392622767063675835,aa010030003c4893374900053020000042c82946bfc8c79942c7f3af4027ab9542c7fd0c3f063abe0000000000003a04
1218023584.409527,8392622767063675835,aa010030003c4893374900057e40000042c829dcbfc8c15142c7f2cb4027ad2742c7fc053f06474f0000000000009761
1218023584.429525,8392622767063675835,aa010030003c489337490005cc60000042c828d8bfc8be2d42c7f2154027aeb942c7fc183f064d97000000000000e16c
1218023584.449529,8392622767063675835,aa010030003c4893374900061a80000042c828bcbfc8bb0842c7f1b84027b04b42c7fd443f0653e000000000000044d5
1218023584.469528,8392622767063675835,aa010030003c48933749000668a0000042c8287ebfc8b7e442c7f1064027b37042c7fc533f065a280000000000001c82
1218023584.489532,8392622767063675835,aa010030003c489337490006b6c0000042c8289dbfc8b4c042c7f1544027b37042c7fccd3f0660710000000000007bb7
1218023584.509533,8392622767063675835,aa010030003c48933749000704e0000042c82877bfc8b19c42c7f0ae4027b69442c7fbca3f0666b90000000000004df8
1218023584.529533,8392622767063675835,aa010030003c4893374900075300000042c82842bfc8ae7742c7efef4027b69442c7fbba3f0666b90000000000002398
1218023584.549537,8392622767063675835,aa010030003c489337490007a120000042c82907bfc8ab5342c7f0894027b82642c7fc023f066d02000000000000708c
1218023584.569536,8392622767063675835,aa010030003c489337490007ef40000042c828adbfc8a50b42c7f0344027b9b842c7fc5a3f067993000000000000c411
1218023584.589536,8392622767063675835,aa010030003c4893374900083d60000042c827f4bfc8a1e642c7f0c74027bcdc42c7fc473f067fdb0000000000002442
1218023584.609537,8392622767063675835,aa010030003c4893374900088b80000042c82810bfc89ec242c7eef24027be6e42c7fda53f0686240000000000005cfc
1218023584.629539,8392622767063675835,aa010030003c489337490008d9a0000042c82820bfc89b9e42c7f13b4027c00142c7fd093f068c6c0000000000001363
1218023584.649538,8392622767063675835,aa010030003c48933749000927c0000042c828fbbfc8955542c7ee724027c32542c7fbe33f0692b5000000000000cab6
1218023584.669539,8392622767063675835,aa010030003c48933749000975e0000042c82890bfc8955542c7ef634027c32542c7fca53f0698fd000000000000fd6a
1218023584.689543,8392622767063675835,aa010030003c489337490009c400000042c828a0bfc8923142c7eee94027c4b742c7fbab3f069f46000000000000d8d9
1218023584.70954,8392622767063675835,aa010030003c48933749000a1220000042c828adbfc88f0d42c7ef5d4027c64942c7fcb13f06a58e000000000000ef89
1218023584.729541,8392622767063675835,aa010030003c48933749000a6040000042c82946bfc888c442c7ee9b4027c96d42c7fb4d3f06abd700000000000053ec
1218023584.749546,8392622767063675835,aa010030003c48933749000aae60000042c82917bfc888c442c7eee64027c96d42c7fc823f06abd7000000000000568a
1218023584.769547,8392622767063675835,aa010030003c48933749000afc80000042c82920bfc8827c42c7ee244027caff42c7fb723f06b21f0000000000002ae8
1218023584.789551,8392622767063675835,aa010030003c48933749000b4aa0000042c82845bfc87f5842c7eec04027ce2442c7fc533f06beb00000000000005cbb
1218023584.809552,8392622767063675835,aa010030003c48933749000b98c0000042c8283cbfc87c3342c7f0534027cfb642c7fd023f06c4f900000000000070e5
1218023584.829547,8392622767063675835,aa010030003c48933749000be6e0000042c82836bfc8790f42c7efa14027d14842c7fb753f06cb410000000000006056
1218023584.84955,8392622767063675835,aa010030003c48933749000c3500000042c82881bfc875eb42c7f02e4027d2da42c7fad63f06d18a000000000000388b
1218023584.869556,8392622767063675835,aa010030003c48933749000c8320000042c82852bfc872c742c7f0e64027d46c42c7fbdd3f06d7d2000000000000dedf
1218023584.889558,8392622767063675835,aa010030003c48933749000cd140000042c827e1bfc872c742c7f1664027d5fe42c7faa73f06d7d2000000000000ec12
1218023584.909556,8392622767063675835,aa010030003c48933749000d1f60000042c827afbfc86fa242c7f24b4027d79042c7fb693f06e463000000000000f438
1218023584.929352,8392622767063675835,aa010030003c48933749000d6d80000042c827a0bfc86c7e42c7f1fc4027d92242c7f9dc3f06e4630000000000004a06
1218023584.949557,8392622767063675835,aa010030003c48933749000dbba0000042c82839bfc8663642c7f0e04027dab542c7fc053f06f0f40000000000000c47
1218023584.969556,8392622767063675835,aa010030003c48933749000e09c0000042c827eebfc8631142c7ef8f4027dc4742c7fac03f06f73d000000000000e514
1218023584.989359,8392622767063675835,aa010030003c48933749000e57e0000042c8284cbfc85fed42c7efdd4027df6b42c7fbba3f06fd850000000000000082
1218023585.009559,8392622767063675835,aa010030003c48933749000ea600000042c827d2bfc85cc942c7f1384027e0fd42c7fa1e3f0703ce000000000000a438
1218023585.029361,8392622767063675835,aa010030003c48933749000ef420000042c82881bfc859a542c7ef984027e28f42c7fa373f0703ce000000000000eb78
1218023585.049561,8392622767063675835,aa010030003c4893374a00000000000042c82936bfc8568042c7ee9e4027e28f42c7faf23f070a1600000000000072af
1218023585.069562,8392622767063675835,aa010030003c4893374a00004e20000042c821ffbfc888c442c7f0d74027caff42c7fd923f0698fd000000000000a9da
1218023585.089362,8392622767063675835,aa010030003c4893374a00009c40000042c82134bfc8be2d42c7f2ed4027b04b42c7fc793f063475000000000000eec3
1218023585.109562,8392622767063675835,aa010030003c4893374a0000ea60000042c82063bfc8f39542c7f2604027972942c7fcca3f05c9a50000000000003665
1218023585.129365,8392622767063675835,aa010030003c4893374a00013880000042c82710bfc8f07142c7ee404027972942c7fa6f3f05dc7e00000000000082a4
1218023585.149567,8392622767063675835,aa010030003c4893374a000186a0000042c826a9bfc8ed4c42c7eed0402798bb42c7f8b93f05dc7e000000000000a73e
1218023585.169571,8392622767063675835,aa010030003c4893374a0001d4c0000042c826a9bfc8ea2842c7ee40402798bb42c7f91a3f05e2c700000000000000f6
1218023585.18937,8392622767063675835,aa010030003c4893374a000222e0000042c82667bfc8e70442c7eeb740279a4e42c7f8f53f05e90f0000000000003614
1218023585.209572,8392622767063675835,aa010030003c4893374a00027100000042c8269cbfc8e3e042c7ee2a40279be042c7f9a73f05ef580000000000004a77
1218023585.229371,8392622767063675835,aa010030003c4893374a0002bf20000042c82638bfc8e0bb42c7eedc40279f0442c7f9c03f05fbe9000000000000b88f
1218023585.24957,8392622767063675835,aa010030003c4893374a00030d40000042c8273fbfc8da7342c7ecc94027a09642c7f7e83f05fbe9000000000000ff43
1218023585.269571,8392622767063675835,aa010030003c4893374a00035b60000042c827e1bfc8d74f42c7ee784027a22842c7f7bc3f060231000000000000dc32
1218023585.289374,8392622767063675835,aa010030003c4893374a0003a980000042c82852bfc8d42a42c7ecc04027a3ba42c7f7683f06087a000000000000c6de
1218023585.309574,8392622767063675835,aa010030003c4893374a0003f7a0000042c827ebbfc8d42a42c7edfb4027a54c42c7f7493f06087a0000000000004b5d
1218023585.329377,8392622767063675835,aa010030003c4893374a000445c0000042c827ebbfc8d10642c7eddf4027a54c42c7f8843f06150b0000000000004fb0
1218023585.349574,8392622767063675835,aa010030003c4893374a000493e0000042c82807bfc8cde242c7ee404027a87142c7f7e53f061b5300000000000077e5
1218023585.369576,8392622767063675835,aa010030003c4893374a0004e200000042c82849bfc8c79942c7edc94027aa0342c7f8843f06219c0000000000001a44
1218023585.389577,8392622767063675835,aa010030003c4893374a00053020000042c82836bfc8c47542c7eea14027ab9542c7f8553f063475000000000000a112
1218023585.40958,8392622767063675835,aa010030003c4893374a00057e40000042c82796bfc8c15142c7ef474027ad2742c7fbfc3f064d9700000000000080cb
1218023585.429379,8392622767063675835,aa010030003c4893374a0005cc60000042c827acbfc8c15142c7efda4027aeb942c7feab3f06734a0001000000005c53
1218023585.449593,8392622767063675835,aa010030003c4893374a00061a80000042c827c2bfc8be2d42c7f0504027aeb942c801a33f068624000100000000ae9f
1218023585.469583,8392622767063675835,aa010030003c4893374a000668a0000042c828adbfc8b7e442c7f0154027b1dd42c803c63f0698fd0001000000002126
1218023585.489383,8392622767063675835,aa010030003c4893374a0006b6c0000042c82807bfc8b4c042c7f02b4027b37042c8066f3f06a58e000100010000a620
1218023585.509386,8392622767063675835,aa010030003c4893374a000704e0000042c826cbbfc8ae7742c7eed94027b69442c804d23f06abd70000000000007744
1218023585.529386,8392622767063675835,aa010030003c4893374a00075300000042c826f1bfc8ae7742c7ef884027b82642c804c93f06b21f0001000000006f3f
1218023585.549589,8392622767063675835,aa010030003c4893374a0007a120000042c826f7bfc8ab5342c7ef9e4027b82642c8053a3f06b8680001000000000c09
1218023585.569591,8392622767063675835,aa010030003c4893374a0007ef40000042c827b3bfc8a50b42c7efe34027bb4a42c805c63f06beb00001000000003e30
1218023585.589392,8392622767063675835,aa010030003c4893374a00083d60000042c8284cbfc8a1e642c7ef184027bcdc42c805043f06c4f9000100000000055f
1218023585.609589,8392622767063675835,aa010030003c4893374a00088b80000042c828b9bfc89ec242c7ef2e4027be6e42c8049a3f06c4f90001000000000545
1218023585.629591,8392622767063675835,aa010030003c4893374a0008d9a0000042c82823bfc8987a42c7ed6c4027c19342c8041a3f06d18a0000000000000572
1218023585.649593,8392622767063675835,aa010030003c4893374a000927c0000042c82793bfc8987a42c7edaa4027c19342c8063d3f06d7d200010000000000d7
1218023585.669393,8392622767063675835,aa010030003c4893374a000975e0000042c82696bfc8955542c7ed7b4027c32542c805173f06d7d2000100000000eaa2
1218023585.689396,8392622767063675835,aa010030003c4893374a0009c400000042c826c2bfc8923142c7eebd4027c4b742c8061b3f06e4630001000000007a85
1218023585.709598,8392622767063675835,aa010030003c4893374a000a1220000042c826eebfc88f0d42c7ef2e4027c64942c807403f06eaac00010000000049c3
1218023585.729395,8392622767063675835,aa010030003c4893374a000a6040000042c8274bbfc88be942c7ef444027c7db42c805e93f06eaac000100000000be06
1218023585.746411,274173037591019141,aa410012003c489990a100bc1f0c0001c50c
