1254722768.219663,1915067524602222093,3232302d786339302e7765627369746577656c636f6d652e636f6d2045534d5450204578696d20342e3639202331204d6f6e2c203035204f637420323030392030313a30353a3534202d30353030200d0a3232302d576520646f206e6f7420617574686f72697a652074686520757365206f6620746869732073797374656d20746f207472616e73706f727420756e736f6c6963697465642c200d0a32323020616e642f6f722062756c6b20652d6d61696c2e0d0a
1254722768.224809,598009264312540095,45484c4f2047500d0a
1254722768.566183,5229981766792067526,3235302d786339302e7765627369746577656c636f6d652e636f6d2048656c6c6f204750205b3132322e3136322e3134332e3135375d0d0a3235302d53495a452035323432383830300d0a3235302d504950454c494e494e470d0a3235302d4155544820504c41494e204c4f47494e0d0a3235302d5354415254544c530d0a3235302048454c500d0a
1254722768.568729,7514498172511353523,41555448204c4f47494e0d0a
1254722768.911081,51965588362083952,3333342056584e6c636d3568625755360d0a
1254722768.911655,4021680934407303621,5a33567963474679644746775148426864484a706233527a4c6d6c750d0a
1254722769.253544,51965588362083952,333334205547467a63336476636d51360d0a
1254722769.254118,8523148330983665893,63485675616d4669514445794d773d3d0d0a
1254722769.613798,1031643148387648429,3233352041757468656e7469636174696f6e207375636365656465640d0a
1254722769.614414,1846420546422350677,4d41494c2046524f4d3a203c6775727061727461704070617472696f74732e696e3e0d0a
1254722769.956765,8563746131470194227,323530204f4b0d0a
1254722769.95725,4288476671418127363,5243505420544f3a203c72616a5f64656f6c32303032696e407961686f6f2e636f2e696e3e0d0a
1254722770.319708,3182304891425448826,3235302041636365707465640d0a
1254722770.320203,2140800127277475792,444154410d0a
1254722770.661679,6534257192029559065,33353420456e746572206d6573736167652c20656e64696e67207769746820222e22206f6e2061206c696e6520627920697473656c660d0a
1254722771.858334,5512998145972485221,30345f30314341343542302e30393536393346302d2d0d0a0d0a2e0d0a
1254722772.248789,5418309282103502093,323530204f4b2069643d314d7567686f2d3030303344672d556e0d0a
1254722774.763825,2140800127277475792,515549540d0a
1254722775.105467,5564264180701151296,32323120786339302e7765627369746577656c636f6d652e636f6d20636c6f73696e6720636f6e6e656374696f6e0d0a
